id,departamento,municipio,n_municipio,dato aleatorio,latlong
05002,ANTIOQUIA,ABEJORRAL,ABEJORRAL,"6015970,14464636","5.803728154,-75.438473525"
05004,ANTIOQUIA,ABRIAQUÍ,ABRIAQUÍ,"8044932,41787945","6.627569378,-76.085977561"
05021,ANTIOQUIA,ALEJANDRÍA,ALEJANDRÍA,"7715247,46922749","6.365534125,-75.090597022"
05030,ANTIOQUIA,AMAGÁ,AMAGÁ,"7528118,59043342","6.032921994,-75.708003098"
05034,ANTIOQUIA,ANDES,ANDES,"1992606,56705953","5.604993248,-75.941283908"
05036,ANTIOQUIA,ANGELÓPOLIS,ANGELÓPOLIS,"7078483,9331245","6.121430303,-75.715949663"
05038,ANTIOQUIA,ANGOSTURA,ANGOSTURA,"7201001,90478421","6.861498764,-75.358315997"
05040,ANTIOQUIA,ANORÍ,ANORÍ,"7834831,77211978","7.193110778,-75.108489539"
05044,ANTIOQUIA,ANZÁ,ANZÁ,"887591,738347345","6.293546613,-75.917369269"
05055,ANTIOQUIA,ARGELIA,ARGELIA,"7999403,57310156","5.708114524,-75.094697954"
05059,ANTIOQUIA,ARMENIA,ARMENIA,"5139412,86682126","6.163683758,-75.809955281"
05091,ANTIOQUIA,BETANIA,BETANIA,"6541292,22857538","5.727081285,-75.986891074"
05093,ANTIOQUIA,BETULIA,BETULIA,"1628195,17293189","6.185783612,-75.956492463"
05101,ANTIOQUIA,CIUDAD BOLÍVAR,CIUDAD BOLÍVAR,"9796360,65218776","5.840995666,-76.010652526"
05107,ANTIOQUIA,BRICEÑO,BRICEÑO,"8032071,11839047","7.111788462,-75.562234738"
05113,ANTIOQUIA,BURITICÁ,BURITICÁ,"7177879,04338673","6.80906489,-75.912065947"
05120,ANTIOQUIA,CÁCERES,CÁCERES,"1706460,11125745","7.665155105,-75.223697441"
05125,ANTIOQUIA,CAICEDO,CAICEDO,"625671,396358504","6.423463639,-75.99351498"
05134,ANTIOQUIA,CAMPAMENTO,CAMPAMENTO,"8672033,38111758","7.036017478,-75.287661778"
05142,ANTIOQUIA,CARACOLÍ,CARACOLÍ,"3763003,5494395","6.33797388,-74.733548173"
05145,ANTIOQUIA,CARAMANTA,CARAMANTA,"920716,700346115","5.555275296,-75.630820964"
05148,ANTIOQUIA,EL CARMEN DE VIBORAL,EL CARMEN DE VIBORAL,"3314191,87256054","5.978078841,-75.263536102"
05150,ANTIOQUIA,CAROLINA,CAROLINA,"728749,449464099","6.754821442,-75.305906539"
05172,ANTIOQUIA,CHIGORODÓ,CHIGORODÓ,"4007671,48170844","7.631665644,-76.639642127"
05190,ANTIOQUIA,CISNEROS,CISNEROS,"907698,030192256","6.550065431,-75.08254116"
05197,ANTIOQUIA,COCORNÁ,COCORNÁ,"2825989,78302653","6.005593074,-75.160154033"
05206,ANTIOQUIA,CONCEPCIÓN,CONCEPCIÓN,"6800138,46125678","6.376106187,-75.217859014"
05209,ANTIOQUIA,CONCORDIA,CONCORDIA,"2474087,66173396","6.057468678,-75.900146783"
05237,ANTIOQUIA,DON MATÍAS,DONMATÍAS,"2197745,32518842","6.492403905,-75.422276872"
05250,ANTIOQUIA,EL BAGRE,EL BAGRE,"2759746,55797962","7.704633351,-74.664277263"
05264,ANTIOQUIA,ENTRERRIOS,ENTRERRÍOS,"3368399,40334219","6.594656004,-75.559130833"
05282,ANTIOQUIA,FREDONIA,FREDONIA,"2185921,29422695","5.887702934,-75.679262419"
05284,ANTIOQUIA,FRONTINO,FRONTINO,"4949413,69277922","6.691364773,-76.33199656"
05306,ANTIOQUIA,GIRALDO,GIRALDO,"7445803,85254287","6.663095863,-75.948046628"
05313,ANTIOQUIA,GRANADA,GRANADA,"8801218,75601739","6.123380721,-75.127636463"
05318,ANTIOQUIA,GUARNE,GUARNE,"2221058,1419629","6.266625703,-75.437308008"
05321,ANTIOQUIA,GUATAPÉ,GUATAPÉ,"3006114,75293561","6.236329826,-75.156512723"
05347,ANTIOQUIA,HELICONIA,HELICONIA,"7276212,30621587","6.214511788,-75.749710019"
05353,ANTIOQUIA,HISPANIA,HISPANIA,"7307615,00351021","5.797039002,-75.906692028"
05361,ANTIOQUIA,ITUANGO,ITUANGO,"4413360,84797486","7.341549718,-75.678422773"
05368,ANTIOQUIA,JERICÓ,JERICÓ,"3466266,89758445","5.769820536,-75.764882556"
05390,ANTIOQUIA,LA PINTADA,LA PINTADA,"7528099,52868202","5.746583958,-75.60220206"
05400,ANTIOQUIA,LA UNIÓN,LA UNIÓN,"2587740,62662778","5.940434685,-75.354290227"
05425,ANTIOQUIA,MACEO,MACEO,"4448172,53152883","6.534573585,-74.714108541"
05440,ANTIOQUIA,MARINILLA,MARINILLA,"5569745,35806484","6.18520515,-75.304879329"
05467,ANTIOQUIA,MONTEBELLO,MONTEBELLO,"5130123,55100034","5.916853903,-75.519726926"
05483,ANTIOQUIA,NARIÑO,NARIÑO,"9808535,97188939","5.581275312,-75.194570185"
05495,ANTIOQUIA,NECHÍ,NECHÍ,"1356987,98507416","7.983477394,-74.65844186"
05501,ANTIOQUIA,OLAYA,OLAYA,"3377258,91705575","6.611418083,-75.775670969"
05541,ANTIOQUIA,PEÑOL,PEÑOL,"3573736,35089176","6.232396368,-75.223509055"
05543,ANTIOQUIA,PEQUE,PEQUE,"3492212,59929824","7.044180058,-75.889688434"
05576,ANTIOQUIA,PUEBLORRICO,PUEBLORRICO,"4699935,43452021","5.80970186,-75.860766666"
05579,ANTIOQUIA,PUERTO BERRÍO,PUERTO BERRÍO,"6455600,72010533","6.481922267,-74.528742101"
05585,ANTIOQUIA,PUERTO NARE,PUERTO NARE,"3485426,2790388","6.126539139,-74.703177217"
05591,ANTIOQUIA,PUERTO TRIUNFO,PUERTO TRIUNFO,"1922118,91402758","5.954830151,-74.686191798"
05604,ANTIOQUIA,REMEDIOS,REMEDIOS,"570401,333235898","6.997267375,-74.558656518"
05607,ANTIOQUIA,RETIRO,RETIRO,"1580558,66233975","6.053444254,-75.515738045"
05628,ANTIOQUIA,SABANALARGA,SABANALARGA,"5253073,14879775","6.901000506,-75.792227535"
05642,ANTIOQUIA,SALGAR,SALGAR,"5750616,43035036","5.970502334,-75.981372511"
05647,ANTIOQUIA,SAN ANDRÈS,SAN ANDRÉS DE CUERQUÍA,"5964344,685281","6.918427233,-75.6657758"
05649,ANTIOQUIA,SAN CARLOS,SAN CARLOS,"6330586,4620398","6.193789659,-74.90732769"
05652,ANTIOQUIA,SAN FRANCISCO,SAN FRANCISCO,"538992,191105323","5.840093731,-74.98176334"
05658,ANTIOQUIA,SAN JOSÉ DE LA MONTAÑA,SAN JOSÉ DE LA MONTAÑA,"9636181,47895248","6.823258913,-75.677708262"
05659,ANTIOQUIA,SAN JUAN DE URABÁ,SAN JUAN DE URABÁ,"6027539,74195707","8.707141583,-76.532482343"
05660,ANTIOQUIA,SAN LUIS,SAN LUIS,"2368177,91529525","6.024205956,-75.007667403"
05664,ANTIOQUIA,SAN PEDRO,SAN PEDRO DE LOS MILAGROS,"1514200,86859783","6.458666308,-75.562483898"
05665,ANTIOQUIA,SAN PEDRO DE URABA,SAN PEDRO DE URABÁ,"942014,600003706","8.37915695,-76.316642334"
05667,ANTIOQUIA,SAN RAFAEL,SAN RAFAEL,"227200,993272546","6.31074453,-74.998586516"
05670,ANTIOQUIA,SAN ROQUE,SAN ROQUE,"2192203,73796909","6.466165211,-74.945073196"
05674,ANTIOQUIA,SAN VICENTE,SAN VICENTE FERRER,"212898,55171357","6.310387522,-75.327401628"
05679,ANTIOQUIA,SANTA BÁRBARA,SANTA BÁRBARA,"8796027,15604834","5.878984956,-75.583303711"
05697,ANTIOQUIA,SANTUARIO,EL SANTUARIO,"1590136,88282058","6.124209495,-75.252122776"
05736,ANTIOQUIA,SEGOVIA,SEGOVIA,"8193306,50312704","7.26692339,-74.621639263"
05756,ANTIOQUIA,SONSÓN,SONSÓN,"5533093,89708833","5.826388779,-74.836376225"
05761,ANTIOQUIA,SOPETRÁN,SOPETRÁN,"142147,131213937","6.520164552,-75.745809033"
05789,ANTIOQUIA,TÁMESIS,TÁMESIS,"7807787,50290035","5.673758571,-75.709799743"
05790,ANTIOQUIA,TARAZÁ,TARAZÁ,"6955771,09531149","7.488875998,-75.401894377"
05792,ANTIOQUIA,TARSO,TARSO,"2098779,28028163","5.871064557,-75.828711443"
05809,ANTIOQUIA,TITIRIBÍ,TITIRIBÍ,"6805466,75322084","6.058349971,-75.799660047"
05842,ANTIOQUIA,URAMITA,URAMITA,"4229204,77176573","6.913916924,-76.133185136"
05854,ANTIOQUIA,VALDIVIA,VALDIVIA,"4923122,3516308","7.265404213,-75.400945015"
05856,ANTIOQUIA,VALPARAÍSO,VALPARAÍSO,"3450992,30939853","5.651937802,-75.630834123"
05858,ANTIOQUIA,VEGACHÍ,VEGACHÍ,"9048830,96523266","6.836535122,-74.754030203"
05861,ANTIOQUIA,VENECIA,VENECIA,"6546233,6408458","5.956576355,-75.777224226"
05885,ANTIOQUIA,YALI,YALÍ,"3781024,30173565","6.716870679,-74.75565002"
05887,ANTIOQUIA,YARUMAL,YARUMAL,"1849567,47709682","6.9881309,-75.454399574"
05890,ANTIOQUIA,YOLOMBÓ,YOLOMBÓ,"6616047,42246076","6.64442786,-75.029902658"
05895,ANTIOQUIA,ZARAGOZA,ZARAGOZA,"5320857,77327542","7.474004006,-74.858483258"
08001,ATLÁNTICO,BARRANQUILLA,BARRANQUILLA,"5209886,62192091","10.98152051,-74.827715439"
08078,ATLÁNTICO,BARANOA,BARANOA,"8344330,03695992","10.793293019,-74.922194906"
08137,ATLÁNTICO,CAMPO DE LA CRUZ,CAMPO DE LA CRUZ,"7836971,28851029","10.38405079,-74.884660393"
08141,ATLÁNTICO,CANDELARIA,CANDELARIA,"5412877,9587197","10.489020471,-74.877566268"
08296,ATLÁNTICO,GALAPA,GALAPA,"5020911,21485977","10.897719907,-74.887087876"
08372,ATLÁNTICO,JUAN DE ACOSTA,JUAN DE ACOSTA,"9713935,16051362","10.823065032,-75.078419039"
08421,ATLÁNTICO,LURUACO,LURUACO,"1012302,2223333","10.635031161,-75.15402741"
08433,ATLÁNTICO,MALAMBO,MALAMBO,"836790,173795566","10.848288642,-74.806175549"
08436,ATLÁNTICO,MANATÍ,MANATÍ,"6113138,94113774","10.454145546,-74.984773669"
08520,ATLÁNTICO,PALMAR DE VARELA,PALMAR DE VARELA,"3372516,53890907","10.694812078,-74.770150903"
08549,ATLÁNTICO,PIOJÓ,PIOJÓ,"1002,88548968819","10.740789594,-75.143660335"
08558,ATLÁNTICO,POLONUEVO,POLONUEVO,"9609938,45761924","10.767401414,-74.854148436"
08560,ATLÁNTICO,PONEDERA,PONEDERA,"8175388,67721265","10.594651021,-74.798473158"
08573,ATLÁNTICO,PUERTO COLOMBIA,PUERTO COLOMBIA,"7408747,80098798","11.004422597,-74.907405804"
08606,ATLÁNTICO,REPELÓN,REPELÓN,"7700833,5421952","10.507570513,-75.121880527"
08634,ATLÁNTICO,SABANAGRANDE,SABANAGRANDE,"3749718,36279222","10.798940151,-74.768796603"
08638,ATLÁNTICO,SABANALARGA,SABANALARGA,"9605801,51639594","10.622507773,-74.955105416"
08675,ATLÁNTICO,SANTA LUCÍA,SANTA LUCÍA,"548890,624235255","10.35364192,-74.965411787"
08685,ATLÁNTICO,SANTO TOMÁS,SANTO TOMÁS,"6942568,15519691","10.755626561,-74.78726468"
08758,ATLÁNTICO,SOLEDAD,SOLEDAD,"6735806,36900372","10.906906595,-74.778424903"
08770,ATLÁNTICO,SUAN,SUAN,"3733039,48306492","10.310850347,-74.907133084"
08832,ATLÁNTICO,TUBARÁ,TUBARÁ,"6024842,18509605","10.907219384,-74.98423293"
08849,ATLÁNTICO,USIACURÍ,USIACURÍ,"8211040,9189748","10.740522657,-74.982674126"
13006,BOLÍVAR,ACHÍ,ACHÍ,"4474103,46547651","8.622943262,-74.478059448"
13030,BOLÍVAR,ALTOS DEL ROSARIO,ALTOS DEL ROSARIO,"7097009,30313853","8.757468863,-74.195158106"
13042,BOLÍVAR,ARENAL,ARENAL,"4080153,18830784","8.362996158,-74.103019049"
13052,BOLÍVAR,ARJONA,ARJONA,"7561247,55649688","10.164221225,-75.371217884"
13062,BOLÍVAR,ARROYOHONDO,ARROYOHONDO,"6082273,29408118","10.241718047,-75.026904215"
13074,BOLÍVAR,BARRANCO DE LOBA,BARRANCO DE LOBA,"2283316,62314335","8.837077654,-74.279665305"
13140,BOLÍVAR,CALAMAR,CALAMAR,"161444,37557665","10.155170977,-74.999959492"
13160,BOLÍVAR,CANTAGALLO,CANTAGALLO,"6115306,19878832","7.239229146,-74.100140429"
13188,BOLÍVAR,CICUCO,CICUCO,"7662463,75196957","9.235268598,-74.688409615"
13212,BOLÍVAR,CÓRDOBA,CÓRDOBA,"1604474,64462935","9.540047515,-74.894456346"
13222,BOLÍVAR,CLEMENCIA,CLEMENCIA,"9719594,60536798","10.556636955,-75.314466528"
13244,BOLÍVAR,EL CARMEN DE BOLÍVAR,EL CARMEN DE BOLÍVAR,"4606155,45291398","9.699819876,-75.157935726"
13248,BOLÍVAR,EL GUAMO,EL GUAMO,"5635007,30359204","10.034836723,-74.928110717"
13268,BOLÍVAR,EL PEÑON,EL PEÑÓN,"782232,481307515","8.864818786,-73.912301472"
13300,BOLÍVAR,HATILLO DE LOBA,HATILLO DE LOBA,"5984535,18295841","8.981717133,-74.090719016"
13430,BOLÍVAR,MAGANGUÉ,MAGANGUÉ,"2576452,75820933","9.053135895,-74.705393181"
13433,BOLÍVAR,MAHATES,MAHATES,"6177589,16516468","10.178213908,-75.17978161"
13440,BOLÍVAR,MARGARITA,MARGARITA,"3709201,54209201","9.054601889,-74.225847059"
13442,BOLÍVAR,MARIA LA BAJA,MARÍA LA BAJA,"4079429,72460165","9.976017168,-75.343802649"
13458,BOLÍVAR,MONTECRISTO,MONTECRISTO,"2046210,49086834","8.01710024,-74.463429112"
13468,BOLÍVAR,MOMPÓS,MOMPÓS,"3847586,33556013","9.142512064,-74.545199057"
13473,BOLÍVAR,MORALES,MORALES,"354301,008765727","8.253700061,-73.971345899"
13490,BOLÍVAR,NOROSI,NOROSÍ,"3404480,73437486","8.50613476,-74.115889115"
13549,BOLÍVAR,PINILLOS,PINILLOS,"9730282,72226218","8.886315511,-74.408884758"
13580,BOLÍVAR,REGIDOR,REGIDOR,"5560973,62505219","8.672628558,-73.914506788"
13600,BOLÍVAR,RIOVIEJO,RÍO VIEJO,"9925359,53684972","8.559982465,-73.902986677"
13620,BOLÍVAR,SAN CRISTÓBAL,SAN CRISTÓBAL,"347550,027396688","10.369720871,-75.073338352"
13647,BOLÍVAR,SAN ESTANISLAO,SAN ESTANISLAO,"216898,176093867","10.364681919,-75.205234868"
13654,BOLÍVAR,SAN JACINTO,SAN JACINTO,"5759405,46147259","9.835362011,-75.106092009"
13655,BOLÍVAR,SAN JACINTO DEL CAUCA,SAN JACINTO DEL CAUCA,"513547,644182878","8.212463202,-74.75082"
13657,BOLÍVAR,SAN JUAN NEPOMUCENO,SAN JUAN NEPOMUCENO,"5068236,37469217","9.967957823,-75.065719587"
13667,BOLÍVAR,SAN MARTÍN DE LOBA,SAN MARTÍN DE LOBA,"4911013,58782207","8.816088444,-74.005999668"
13670,BOLÍVAR,SAN PABLO,SAN PABLO,"4817775,14208444","7.507922612,-74.103569774"
13673,BOLÍVAR,SANTA CATALINA,SANTA CATALINA,"4618133,92859601","10.649812776,-75.26548463"
13683,BOLÍVAR,SANTA ROSA,SANTA ROSA,"9354008,35209239","10.469207257,-75.361160527"
13688,BOLÍVAR,SANTA ROSA DEL SUR,SANTA ROSA DEL SUR,"8001332,17438549","7.772519173,-74.262728426"
13744,BOLÍVAR,SIMITÍ,SIMITÍ,"5527767,6250578","7.851315534,-73.983716091"
13760,BOLÍVAR,SOPLAVIENTO,SOPLAVIENTO,"7186399,84813464","10.332090314,-75.116992257"
13780,BOLÍVAR,TALAIGUA NUEVO,TALAIGUA NUEVO,"7361439,02686124","9.269516705,-74.586952326"
13810,BOLÍVAR,TIQUISO,TIQUISIO,"1227421,39324229","8.492345176,-74.296761387"
13836,BOLÍVAR,TURBACO,TURBACO,"1838615,00150393","10.353107564,-75.379715411"
13838,BOLÍVAR,TURBANA,TURBANÁ,"9102359,1074012","10.252769289,-75.432702985"
13873,BOLÍVAR,VILLANUEVA,VILLANUEVA,"7432547,60646952","10.444913198,-75.267362754"
13894,BOLÍVAR,ZAMBRANO,ZAMBRANO,"3803431,77792418","9.745147021,-74.880670367"
15022,BOYACÁ,ALMEIDA,ALMEIDA,"9944472,26345434","4.954825081,-73.388134245"
15047,BOYACÁ,AQUITANIA,AQUITANIA,"4419270,11453417","5.437416373,-72.871494711"
15051,BOYACÁ,ARCABUCO,ARCABUCO,"1115700,4934499","5.73526424,-73.427931091"
15087,BOYACÁ,BELÉN,BELÉN,"2497504,01978164","6.005059265,-72.893698873"
15090,BOYACÁ,BERBEO,BERBEO,"4278533,72530969","5.230936356,-73.127319437"
15092,BOYACÁ,BETÉITIVA,BETÉITIVA,"4054752,24512523","5.920858933,-72.848578763"
15097,BOYACÁ,BOAVITA,BOAVITA,"5022485,07449315","6.337515626,-72.62021239"
15104,BOYACÁ,BOYACÁ,BOYACÁ,"9571025,56510025","5.439856216,-73.381369938"
15106,BOYACÁ,BRICEÑO,BRICEÑO,"7212,53252733534","5.673229265,-73.926607047"
15109,BOYACÁ,BUENAVISTA,BUENAVISTA,"2153642,01780575","5.489399419,-73.950662546"
15114,BOYACÁ,BUSBANZÁ,BUSBANZÁ,"2216411,83437771","5.843483731,-72.87574623"
15131,BOYACÁ,CALDAS,CALDAS,"3049478,09864604","5.575990669,-73.880575077"
15135,BOYACÁ,CAMPOHERMOSO,CAMPOHERMOSO,"9213408,88980332","5.006862536,-73.144670302"
15162,BOYACÁ,CERINZA,CERINZA,"3872558,51968418","5.962013698,-72.964472884"
15172,BOYACÁ,CHINAVITA,CHINAVITA,"2456266,64328268","5.202971639,-73.340480736"
15176,BOYACÁ,CHIQUINQUIRÁ,CHIQUINQUIRÁ,"4626694,74627559","5.622488024,-73.804245312"
15180,BOYACÁ,CHISCAS,CHISCAS,"116095,620630969","6.68911806,-72.417956748"
15183,BOYACÁ,CHITA,CHITA,"4951475,70328584","6.091468485,-72.439031738"
15185,BOYACÁ,CHITARAQUE,CHITARAQUE,"4806374,35754733","5.984394625,-73.425823751"
15187,BOYACÁ,CHIVATÁ,CHIVATÁ,"5396922,28965349","5.556830465,-73.260617153"
15189,BOYACÁ,CIÉNEGA,CIÉNEGA,"7394154,66605811","5.393059633,-73.282057716"
15204,BOYACÁ,COMBITA,CÓMBITA,"4111418,33781286","5.667822366,-73.321370491"
15212,BOYACÁ,COPER,COPER,"1878001,5882459","5.452461072,-74.059965781"
15215,BOYACÁ,CORRALES,CORRALES,"8564167,19198098","5.82454582,-72.845448448"
15218,BOYACÁ,COVARACHIA,COVARACHÍA,"6965597,09609084","6.519521476,-72.740204209"
15223,BOYACÁ,CUBARÁ,CUBARÁ,"9053742,70907344","6.886954878,-72.181562849"
15224,BOYACÁ,CUCAITA,CUCAITA,"2280567,58091232","5.527104109,-73.445986459"
15226,BOYACÁ,CUÌTIVA,CUÍTIVA,"1295875,56245906","5.58775449,-72.939536863"
15232,BOYACÁ,CHÍQUIZA,CHÍQUIZA,"419009,427851281","5.643075648,-73.445623907"
15236,BOYACÁ,CHIVOR,CHIVOR,"5635271,97660167","4.871181606,-73.361423792"
15238,BOYACÁ,DUITAMA,DUITAMA,"6738292,61488052","5.890602515,-73.067094843"
15244,BOYACÁ,EL COCUY,EL COCUY,"4968077,49863423","6.353363177,-72.419237519"
15248,BOYACÁ,EL ESPINO,EL ESPINO,"2702262,0590716","6.508240556,-72.480496247"
15272,BOYACÁ,FIRAVITOBA,FIRAVITOBA,"7654902,87602601","5.67367659,-73.019833516"
15276,BOYACÁ,FLORESTA,FLORESTA,"3767367,24398372","5.85899211,-72.924998265"
15293,BOYACÁ,GACHANTIVÁ,GACHANTIVÁ,"4191709,87736566","5.744105975,-73.542655196"
15296,BOYACÁ,GAMEZA,GÁMEZA,"1644229,43175764","5.799050256,-72.729647651"
15299,BOYACÁ,GARAGOA,GARAGOA,"1611112,48197911","5.089466651,-73.314302722"
15317,BOYACÁ,GUACAMAYAS,GUACAMAYAS,"2810670,08154651","6.445438546,-72.516353323"
15322,BOYACÁ,GUATEQUE,GUATEQUE,"214900,884525587","5.01450831,-73.488123516"
15325,BOYACÁ,GUAYATÁ,GUAYATÁ,"9418466,65080653","4.931424341,-73.496633724"
15332,BOYACÁ,GÜICÁN,GÜICÁN DE LA SIERRA,"6776135,54380272","6.566991765,-72.255993335"
15362,BOYACÁ,IZA,IZA,"6291527,08007658","5.617366016,-72.969865044"
15367,BOYACÁ,JENESANO,JENESANO,"3563583,13994267","5.38916272,-73.400870207"
15368,BOYACÁ,JERICÓ,JERICÓ,"4153495,28647376","6.155633662,-72.585230926"
15377,BOYACÁ,LABRANZA GRANDE,LABRANZAGRANDE,"5981399,18968027","5.541378132,-72.590384601"
15380,BOYACÁ,LA CAPILLA,LA CAPILLA,"7174947,85842749","5.113167102,-73.459237077"
15401,BOYACÁ,LA VICTORIA,LA VICTORIA,"4112880,36897557","5.507008121,-74.241627269"
15403,BOYACÁ,LA UVITA,LA UVITA,"4552550,97722118","6.265126191,-72.555510848"
15407,BOYACÁ,VILLA DE LEYVA,VILLA DE LEYVA,"6620139,65229636","5.665762424,-73.514948003"
15425,BOYACÁ,MACANAL,MACANAL,"5314234,81959549","4.980176495,-73.294136946"
15442,BOYACÁ,MARIPÍ,MARIPÍ,"4174288,62272826","5.569810633,-74.020031272"
15455,BOYACÁ,MIRAFLORES,MIRAFLORES,"1606349,88662322","5.150953297,-73.178967217"
15464,BOYACÁ,MONGUA,MONGUA,"4546946,50666854","5.710937981,-72.634028752"
15466,BOYACÁ,MONGUÌ,MONGUÍ,"4112809,07643212","5.697352228,-72.832986642"
15469,BOYACÁ,MONIQUIRA,MONIQUIRÁ,"1638751,97267355","5.863370485,-73.558525378"
15476,BOYACÁ,MOTAVITA,MOTAVITA,"9265636,77641012","5.606192449,-73.377342665"
15480,BOYACÁ,MUZO,MUZO,"5790312,78568748","5.539429272,-74.111771391"
15494,BOYACÁ,NUEVO COLÓN,NUEVO COLÓN,"8845555,46510822","5.354701485,-73.448734241"
15500,BOYACÁ,OICATA,OICATÁ,"5733312,31617312","5.610787844,-73.279919053"
15507,BOYACÁ,OTANCHE,OTANCHE,"285974,006571339","5.753787787,-74.197194226"
15511,BOYACÁ,PACHAVITA,PACHAVITA,"2293096,36974329","5.148323877,-73.399512192"
15514,BOYACÁ,PÁEZ,PÁEZ,"9360935,27244629","5.095211035,-73.004358626"
15516,BOYACÁ,PAIPA,PAIPA,"7529086,72155003","5.762027786,-73.137774423"
15518,BOYACÁ,PAJARITO,PAJARITO,"4365442,30260932","5.382328949,-72.696726742"
15522,BOYACÁ,PANQUEBA,PANQUEBA,"8257122,21383995","6.443299758,-72.461824312"
15531,BOYACÁ,PAUNA,PAUNA,"2824575,95929075","5.688801559,-74.005041215"
15533,BOYACÁ,PAYA,PAYA,"980910,900328536","5.621242742,-72.369290598"
15537,BOYACÁ,PAZ DE RÍO,PAZ DE RÍO,"3166618,3040058","6.030008561,-72.759880177"
15542,BOYACÁ,PESCA,PESCA,"3091991,47799241","5.498483324,-73.07837993"
15550,BOYACÁ,PISBA,PISBA,"6666993,66669193","5.768131812,-72.439932321"
15572,BOYACÁ,PUERTO BOYACÁ,PUERTO BOYACÁ,"7984057,39594063","5.953466654,-74.452858102"
15580,BOYACÁ,QUÍPAMA,QUÍPAMA,"847406,638536159","5.595729831,-74.268570671"
15599,BOYACÁ,RAMIRIQUÍ,RAMIRIQUÍ,"5454481,76806784","5.319934092,-73.310778996"
15600,BOYACÁ,RÁQUIRA,RÁQUIRA,"7962562,27483626","5.496268621,-73.628944376"
15621,BOYACÁ,RONDÓN,RONDÓN,"2701022,32097703","5.379947879,-73.196509947"
15632,BOYACÁ,SABOYÁ,SABOYÁ,"9320998,30134053","5.699926051,-73.747994656"
15638,BOYACÁ,SÁCHICA,SÁCHICA,"413758,833409403","5.573464882,-73.543102003"
15646,BOYACÁ,SAMACÁ,SAMACÁ,"3093792,42781884","5.47053997,-73.521175604"
15660,BOYACÁ,SAN EDUARDO,SAN EDUARDO,"6241446,49771458","5.234614686,-73.049140669"
15664,BOYACÁ,SAN JOSÉ DE PARE,SAN JOSÉ DE PARE,"4623436,13225699","5.994154088,-73.543865224"
15667,BOYACÁ,SAN LUIS DE GACENO,SAN LUIS DE GACENO,"8388945,29631266","4.798203543,-73.133970184"
15673,BOYACÁ,SAN MATEO,SAN MATEO,"744440,588719648","6.395388812,-72.551848623"
15676,BOYACÁ,SAN MIGUEL DE SEMA,SAN MIGUEL DE SEMA,"2670822,18324933","5.532326922,-73.747158978"
15681,BOYACÁ,SAN PABLO DE BORBUR,SAN PABLO DE BORBUR,"4487969,82810068","5.677345066,-74.114037486"
15686,BOYACÁ,SANTANA,SANTANA,"179416,439503107","6.057614971,-73.489748282"
15690,BOYACÁ,SANTA MARÍA,SANTA MARÍA,"2016916,94785189","4.823002556,-73.253775062"
15693,BOYACÁ,SANTA ROSA DE VITERBO,SANTA ROSA DE VITERBO,"1278704,79273631","5.892950301,-72.991727804"
15696,BOYACÁ,SANTA SOFÍA,SANTA SOFÍA,"7508584,94693673","5.731602716,-73.603662869"
15720,BOYACÁ,SATIVANORTE,SATIVANORTE,"7144530,60926671","6.13211793,-72.730324154"
15723,BOYACÁ,SATIVASUR,SATIVASUR,"3783918,11476435","6.083405978,-72.724108145"
15740,BOYACÁ,SIACHOQUE,SIACHOQUE,"8054738,76598962","5.498747701,-73.216817778"
15753,BOYACÁ,SOATÁ,SOATÁ,"1120794,547084","6.323088045,-72.696040893"
15755,BOYACÁ,SOCOTÁ,SOCOTÁ,"9388317,08806219","5.906513772,-72.536463605"
15757,BOYACÁ,SOCHA,SOCHA,"5261161,22945078","5.960498836,-72.682397841"
15759,BOYACÁ,SOGAMOSO,SOGAMOSO,"1400873,99560631","5.646672053,-72.870956503"
15761,BOYACÁ,SOMONDOCO,SOMONDOCO,"9035984,13326405","4.970974064,-73.428787852"
15762,BOYACÁ,SORA,SORA,"7665985,7800687","5.580573191,-73.443718375"
15763,BOYACÁ,SOTAQUIRÁ,SOTAQUIRÁ,"3227551,45710692","5.763010553,-73.24352232"
15764,BOYACÁ,SORACÁ,SORACÁ,"3250736,51715158","5.494890461,-73.318999965"
15774,BOYACÁ,SUSACÓN,SUSACÓN,"8736307,90655584","6.215200578,-72.715756341"
15776,BOYACÁ,SUTAMARCHÀN,SUTAMARCHÁN,"6652939,92323421","5.640030759,-73.625987727"
15778,BOYACÁ,SUTATENZA,SUTATENZA,"8321064,35286682","5.030711335,-73.412244005"
15790,BOYACÁ,TASCO,TASCO,"6972186,90285752","5.882294313,-72.726268173"
15798,BOYACÁ,TENZA,TENZA,"6170328,15816861","5.071413139,-73.424796988"
15804,BOYACÁ,TIBANA,TIBANÁ,"8203309,39942743","5.301116649,-73.393252095"
15808,BOYACÁ,TINJACÁ,TINJACÁ,"3403081,11324417","5.577566497,-73.676145721"
15810,BOYACÁ,TIPACOQUE,TIPACOQUE,"7696685,52735305","6.42035349,-72.694635834"
15814,BOYACÁ,TOCA,TOCA,"7885304,87822021","5.580254287,-73.160696902"
15816,BOYACÁ,TOGÜÍ,TOGÜÍ,"3273844,08561038","5.921830062,-73.489218055"
15820,BOYACÁ,TÓPAGA,TÓPAGA,"5110867,24264084","5.765350303,-72.836729576"
15822,BOYACÁ,TOTA,TOTA,"9049156,52989692","5.501297215,-72.996332969"
15832,BOYACÁ,TUNUNGUÁ,TUNUNGUÁ,"490235,162268902","5.720301516,-73.943309265"
15835,BOYACÁ,TURMEQUÉ,TURMEQUÉ,"300339,703537574","5.305697418,-73.509087138"
15837,BOYACÁ,TUTA,TUTA,"1407337,23254351","5.678126998,-73.173430534"
15839,BOYACÁ,TUTAZÁ,TUTAZÁ,"2644623,63812204","6.078051903,-72.857078319"
15842,BOYACÁ,UMBITA,ÚMBITA,"3564452,02342797","5.217241368,-73.463384768"
15861,BOYACÁ,VENTAQUEMADA,VENTAQUEMADA,"5987594,30591193","5.383385481,-73.520979424"
15879,BOYACÁ,VIRACACHÁ,VIRACACHÁ,"1189200,22296758","5.440558216,-73.266274556"
15897,BOYACÁ,ZETAQUIRÁ,ZETAQUIRA,"3172966,5892928","5.285635983,-73.167630912"
17001,CALDAS,MANIZALES,MANIZALES,"4909791,29527772","5.08343301,-75.50727881"
17013,CALDAS,AGUADAS,AGUADAS,"1710221,86696357","5.616204006,-75.455447104"
17042,CALDAS,ANSERMA,ANSERMA,"6829037,27055812","5.20029922,-75.752890779"
17050,CALDAS,ARANZAZU,ARANZAZU,"2410728,45844456","5.265539969,-75.473926194"
17088,CALDAS,BELALCÁZAR,BELALCÁZAR,"6390041,47088199","4.99467728,-75.812259892"
17174,CALDAS,CHINCHINÁ,CHINCHINÁ,"5020475,65669569","4.974340569,-75.659546861"
17272,CALDAS,FILADELFIA,FILADELFIA,"6903813,82505558","5.285743777,-75.589787839"
17380,CALDAS,LA DORADA,LA DORADA,"78977,175377587","5.410515691,-74.72114262"
17388,CALDAS,LA MERCED,LA MERCED,"4509591,75101907","5.393185716,-75.557910707"
17433,CALDAS,MANZANARES,MANZANARES,"1120569,49544269","5.23295391,-75.152634472"
17442,CALDAS,MARMATO,MARMATO,"4301779,67645199","5.492632029,-75.60209955"
17444,CALDAS,MARQUETALIA,MARQUETALIA,"8108809,14989669","5.309142491,-75.041178923"
17446,CALDAS,MARULANDA,MARULANDA,"2353898,10501523","5.235585244,-75.283166479"
17486,CALDAS,NEIRA,NEIRA,"3580802,637809","5.183358589,-75.506929774"
17495,CALDAS,NORCASIA,NORCASIA,"4401667,58223899","5.638062349,-74.854927072"
17513,CALDAS,PÁCORA,PÁCORA,"7581155,53407501","5.500035035,-75.482450565"
17524,CALDAS,PALESTINA,PALESTINA,"8547591,45898686","5.050342543,-75.661762659"
17541,CALDAS,PENSILVANIA,PENSILVANIA,"7071129,68528904","5.407187836,-75.166839962"
17616,CALDAS,RISARALDA,RISARALDA,"9082553,13628945","5.097563816,-75.733351662"
17653,CALDAS,SALAMINA,SALAMINA,"4375131,30516352","5.370332425,-75.409621766"
17662,CALDAS,SAMANÁ,SAMANÁ,"4481752,19554028","5.519692873,-74.99718577"
17665,CALDAS,SAN JOSÉ,SAN JOSÉ,"7422643,75281922","5.083424513,-75.810178904"
17777,CALDAS,SUPIA,SUPÍA,"4949686,81747875","5.45295802,-75.640357045"
17867,CALDAS,VICTORIA,VICTORIA,"389248,539636265","5.447542859,-74.836225017"
17873,CALDAS,VILLAMARIA,VILLAMARÍA,"3220079,46970958","4.940211591,-75.435440137"
17877,CALDAS,VITERBO,VITERBO,"5946766,11972766","5.047822054,-75.879297"
18001,CAQUETÁ,FLORENCIA,FLORENCIA,"8351070,79940649","1.749138704,-75.558239064"
18029,CAQUETÁ,ALBANIA,ALBANIA,"2092387,38793076","1.22786549,-75.882326508"
18094,CAQUETÁ,BELÉN DE LOS ANDAQUÍES,BELÉN DE LOS ANDAQUÍES,"2214391,07702623","1.536174657,-75.909475036"
18247,CAQUETÁ,EL DONCELLO,EL DONCELLO,"5613766,97566548","1.713734697,-75.268781092"
18256,CAQUETÁ,EL PAUJIL,EL PAUJÍL,"5511500,14735275","1.476630016,-75.202318246"
18410,CAQUETÁ,LA MONTAÑITA,LA MONTAÑITA,"7116504,44751416","1.302860442,-75.235727319"
18460,CAQUETÁ,MILÁN,MILÁN,"7243084,25390405","1.146692554,-75.386647638"
18479,CAQUETÁ,MORELIA,MORELIA,"6428570,98445078","1.38299611,-75.673811234"
18592,CAQUETÁ,PUERTO RICO,PUERTO RICO,"3425240,29343908","2.018940891,-75.073086267"
18610,CAQUETÁ,SAN JOSÉ DEL FRAGUA,SAN JOSÉ DEL FRAGUA,"2620625,090376","1.304702314,-76.110005942"
18860,CAQUETÁ,VALPARAÍSO,VALPARAÍSO,"6831900,24635632","1.07534915,-75.737790038"
19001,CAUCA,POPAYÁN,POPAYÁN,"6140622,12385728","2.471704362,-76.591944191"
19022,CAUCA,ALMAGUER,ALMAGUER,"6025472,99708468","1.912440521,-76.834945194"
19050,CAUCA,ARGELIA,ARGELIA,"6235760,17253059","2.329337283,-77.26314906"
19075,CAUCA,BALBOA,BALBOA,"4824530,28567613","2.084732945,-77.208813302"
19100,CAUCA,BOLÍVAR,BOLÍVAR,"285921,588335863","1.853951938,-76.963374538"
19110,CAUCA,BUENOS AIRES,BUENOS AIRES,"588086,033277455","2.988923885,-76.621589509"
19130,CAUCA,CAJIBÍO,CAJIBÍO,"1542946,44877461","2.643209848,-76.701389144"
19137,CAUCA,CALDONO,CALDONO,"3741310,09462559","2.803845691,-76.427193766"
19142,CAUCA,CALOTO,CALOTO,"2483171,42342613","3.062875557,-76.321279771"
19212,CAUCA,CORINTO,CORINTO,"1329345,45486853","3.136753606,-76.209645692"
19256,CAUCA,EL TAMBO,EL TAMBO,"5241706,50444397","2.534488312,-77.005112065"
19290,CAUCA,FLORENCIA,FLORENCIA,"3097450,96908307","1.69453474,-77.087357234"
19300,CAUCA,GUACHENÉ,GUACHENÉ,"1892288,82083273","3.144389993,-76.392348107"
19355,CAUCA,INZA,INZÁ,"721432,915887961","2.499058783,-76.137625312"
19364,CAUCA,JAMBALÓ,JAMBALÓ,"2433789,2538833","2.84981013,-76.31124919"
19392,CAUCA,LA SIERRA,LA SIERRA,"4947955,58659366","2.187473572,-76.78228032"
19397,CAUCA,LA VEGA,LA VEGA,"9792383,01535643","2.053933426,-76.758806204"
19450,CAUCA,MERCADERES,MERCADERES,"4176790,57960246","1.793825164,-77.180603812"
19455,CAUCA,MIRANDA,MIRANDA,"9777138,49486932","3.228235212,-76.216708274"
19473,CAUCA,MORALES,MORALES,"3584575,67061207","2.773663981,-76.746051522"
19513,CAUCA,PADILLA,PADILLA,"1347615,93966281","3.194730618,-76.336241803"
19517,CAUCA,PÁEZ,PÁEZ,"441666,043626376","2.733887702,-75.993682638"
19532,CAUCA,PATÍA,PATÍA,"3657605,45926145","2.157983906,-77.046576199"
19533,CAUCA,PIAMONTE,PIAMONTE,"7530866,81788548","1.054128816,-76.444327103"
19548,CAUCA,PIENDAMÓ,PIENDAMÓ - TUNÍA,"1803195,03791697","2.702420026,-76.537704551"
19573,CAUCA,PUERTO TEJADA,PUERTO TEJADA,"8291203,05491079","3.266724205,-76.41846353"
19585,CAUCA,PURACÉ (COCONUCO),PURACÉ,"1981013,33692982","2.262153618,-76.448269377"
19622,CAUCA,ROSAS,ROSAS,"9764600,31273242","2.260421954,-76.74582033"
19693,CAUCA,SAN SEBASTIÁN,SAN SEBASTIÁN,"8590074,59682035","1.856261815,-76.716524236"
19698,CAUCA,SANTANDER DE QUILICHAO,SANTANDER DE QUILICHAO,"9932877,57964096","2.984467338,-76.498731453"
19701,CAUCA,SANTA ROSA,SANTA ROSA,"3705745,51649012","1.52002179,-76.538762806"
19743,CAUCA,SILVIA,SILVIA,"6442498,43360769","2.651291894,-76.350573563"
19760,CAUCA,SOTARÁ (Paispamba),SOTARÁ - PAISPAMBA,"2115768,98342708","2.231820541,-76.611466326"
19780,CAUCA,SUÁREZ,SUÁREZ,"2902032,44092283","2.936865997,-76.745824296"
19785,CAUCA,SUCRE,SUCRE,"9816117,38365717","2.057735184,-76.909939647"
19807,CAUCA,TIMBÍO,TIMBÍO,"5310455,04424478","2.369625312,-76.710519323"
19821,CAUCA,TORIBÍO,TORIBÍO,"8380015,32991987","2.975771999,-76.203315664"
19824,CAUCA,TOTORÓ,TOTORÓ,"5172714,1113905","2.475213085,-76.39675937"
19845,CAUCA,VILLA RICA,VILLA RICA,"3079365,05408228","3.180627317,-76.464455581"
20011,CESAR,AGUACHICA,AGUACHICA,"2453114,42296277","8.248735219,-73.6227405"
20013,CESAR,AGUSTÍN CODAZZI,AGUSTÍN CODAZZI,"5977839,29332678","9.949215908,-73.223582441"
20032,CESAR,ASTREA,ASTREA,"2708972,92834392","9.510727925,-73.942146411"
20060,CESAR,BOSCONIA,BOSCONIA,"1634163,21090912","9.946391309,-73.866288153"
20175,CESAR,CHIMICHAGUA,CHIMICHAGUA,"69881,7953461839","9.27797765,-73.846979027"
20178,CESAR,CHIRIGUANÁ,CHIRIGUANÁ,"8538921,73655977","9.426648354,-73.547978944"
20228,CESAR,CURUMANÍ,CURUMANÍ,"4746236,29642787","9.238771332,-73.488108612"
20238,CESAR,EL COPEY,EL COPEY,"3226163,7976198","10.199953563,-73.912820636"
20250,CESAR,EL PASO,EL PASO,"8560136,64605774","9.683474681,-73.738337782"
20295,CESAR,GAMARRA,GAMARRA,"1200975,28238134","8.337726622,-73.706491986"
20310,CESAR,GONZALEZ,GONZÁLEZ,"9719321,53660745","8.405516522,-73.375373085"
20383,CESAR,LA GLORIA,LA GLORIA,"2736123,95875715","8.588002247,-73.616023836"
20517,CESAR,PAILITAS,PAILITAS,"3358634,11554744","8.938916143,-73.572472125"
20550,CESAR,PELAYA,PELAYA,"6326182,65301983","8.764116734,-73.632955464"
20614,CESAR,RÍO DE ORO,RÍO DE ORO,"3943104,53900334","8.201070245,-73.487501265"
20621,CESAR,LA PAZ,LA PAZ,"5538769,79514929","10.244405624,-73.078245692"
20710,CESAR,SAN ALBERTO,SAN ALBERTO,"682772,340891117","7.769815987,-73.472188879"
20750,CESAR,SAN DIEGO,SAN DIEGO,"9343566,45370919","10.169527121,-73.287982702"
20770,CESAR,SAN MARTÍN,SAN MARTÍN,"5903817,927242","7.937788454,-73.544363121"
20787,CESAR,TAMALAMEQUE,TAMALAMEQUE,"3185621,16324666","8.902075012,-73.763396197"
23001,CÓRDOBA,MONTERÍA,MONTERÍA,"6636611,13378579","8.584698016,-75.950550788"
23068,CÓRDOBA,AYAPEL,AYAPEL,"336493,715630967","8.265768688,-75.048684357"
23079,CÓRDOBA,BUENAVISTA,BUENAVISTA,"1333400,75800469","8.191397953,-75.433825319"
23090,CÓRDOBA,CANALETE,CANALETE,"5922581,90011048","8.7240958,-76.237790807"
23162,CÓRDOBA,CERETÉ,CERETÉ,"962233,660580346","8.895667051,-75.878423912"
23168,CÓRDOBA,CHIMÁ,CHIMÁ,"793344,389737218","9.11024941,-75.652373511"
23182,CÓRDOBA,CHINÚ,CHINÚ,"8116278,74281775","9.053287104,-75.373873626"
23189,CÓRDOBA,CIENAGA DE ORO,CIÉNAGA DE ORO,"8633175,17512795","8.841811894,-75.607798292"
23300,CÓRDOBA,COTORRA,COTORRA,"137238,411398609","9.071460219,-75.754592755"
23350,CÓRDOBA,LA APARTADA,LA APARTADA,"7800702,10459441","8.052218422,-75.28816022"
23417,CÓRDOBA,LORICA,LORICA,"5517403,19853802","9.165034998,-75.909781236"
23419,CÓRDOBA,LOS CÓRDOBAS,LOS CÓRDOBAS,"2940883,20330018","8.823307063,-76.343055201"
23464,CÓRDOBA,MOMIL,MOMIL,"4487859,04988976","9.265461621,-75.650908762"
23466,CÓRDOBA,MONTELÍBANO,MONTELÍBANO,"9882252,35527796","7.866432635,-75.875339255"
23500,CÓRDOBA,MOÑITOS,MOÑITOS,"9222337,33292646","9.190515343,-76.119317094"
23555,CÓRDOBA,PLANETA RICA,PLANETA RICA,"8409132,96185007","8.181108488,-75.68923803"
23570,CÓRDOBA,PUEBLO NUEVO,PUEBLO NUEVO,"520409,091923104","8.481339568,-75.405161542"
23574,CÓRDOBA,PUERTO ESCONDIDO,PUERTO ESCONDIDO,"9672904,28396652","8.988667731,-76.194059124"
23586,CÓRDOBA,PURÍSIMA,PURÍSIMA DE LA CONCEPCIÓN,"2244620,39885846","9.282386127,-75.721293921"
23660,CÓRDOBA,SAHAGÚN,SAHAGÚN,"45036,5035003542","8.799007016,-75.429256639"
23670,CÓRDOBA,SAN ANDRES DE SOTAVENTO,SAN ANDRÉS DE SOTAVENTO,"2769451,22475483","9.121296353,-75.520917113"
23672,CÓRDOBA,SAN ANTERO,SAN ANTERO,"8666475,87233871","9.359667489,-75.787002521"
23675,CÓRDOBA,SAN BERNARDO DEL VIENTO,SAN BERNARDO DEL VIENTO,"1882603,7892157","9.330098329,-75.976238578"
23678,CÓRDOBA,SAN CARLOS,SAN CARLOS,"7643086,48723496","8.706464263,-75.692518245"
23682,CÓRDOBA,SAN JOSÉ DE URÉ,SAN JOSÉ DE URÉ,"9119296,7027772","7.753054395,-75.567247397"
23686,CÓRDOBA,SAN PELAYO,SAN PELAYO,"8386614,0393595","8.987777392,-75.909587708"
23815,CÓRDOBA,TUCHIN,TUCHÍN,"4597402,68056519","9.224630803,-75.544105925"
23855,CÓRDOBA,VALENCIA,VALENCIA,"4897575,92388374","8.219904128,-76.2213286"
25001,CUNDINAMARCA,AGUA DE DIOS,AGUA DE DIOS,"9776142,3834265","4.372744676,-74.671110509"
25019,CUNDINAMARCA,ALBÁN,ALBÁN,"504449,053641549","4.891121638,-74.442784317"
25035,CUNDINAMARCA,ANAPOIMA,ANAPOIMA,"3935554,88433319","4.559962881,-74.525695298"
25040,CUNDINAMARCA,ANOLAIMA,ANOLAIMA,"2667590,43015388","4.789313614,-74.461942563"
25053,CUNDINAMARCA,ARBELÁEZ,ARBELÁEZ,"2851352,19322286","4.232786985,-74.395762911"
25086,CUNDINAMARCA,BELTRÁN,BELTRÁN,"5662808,16838253","4.791721105,-74.714913986"
25095,CUNDINAMARCA,BITUIMA,BITUIMA,"1434441,37158916","4.847821091,-74.528627661"
25099,CUNDINAMARCA,BOJACÁ,BOJACÁ,"1296006,58338923","4.705576252,-74.335407699"
25120,CUNDINAMARCA,CABRERA,CABRERA,"8862102,08348373","3.91861924,-74.44615606"
25123,CUNDINAMARCA,CACHIPAY,CACHIPAY,"7065644,66455191","4.723063341,-74.459195283"
25126,CUNDINAMARCA,CAJICÁ,CAJICÁ,"6825468,61328429","4.930402779,-74.029851152"
25148,CUNDINAMARCA,CAPARRAPI,CAPARRAPÍ,"1463995,64037307","5.381501399,-74.521235947"
25151,CUNDINAMARCA,CÁQUEZA,CÁQUEZA,"2363798,87334711","4.402259457,-73.94482435"
25154,CUNDINAMARCA,CARMEN DE CARUPA,CARMEN DE CARUPA,"252664,815693624","5.338856556,-73.926148172"
25168,CUNDINAMARCA,CHAGUANÍ,CHAGUANÍ,"1789466,75381314","4.95425175,-74.630901385"
25175,CUNDINAMARCA,CHÍA,CHÍA,"1705124,56753544","4.857823671,-74.038095385"
25178,CUNDINAMARCA,CHIPAQUE,CHIPAQUE,"1399397,14673934","4.463746629,-74.04605246"
25181,CUNDINAMARCA,CHOACHÍ,CHOACHÍ,"4902963,37094718","4.578183896,-73.952900544"
25183,CUNDINAMARCA,CHOCONTÁ,CHOCONTÁ,"1020716,1358083","5.118419271,-73.680685831"
25200,CUNDINAMARCA,COGUA,COGUA,"3408209,70059394","5.103127532,-73.97536559"
25214,CUNDINAMARCA,COTA,COTA,"4483935,97581663","4.76754674,-74.141558295"
25224,CUNDINAMARCA,CUCUNUBÁ,CUCUNUBÁ,"7997807,69364539","5.230308105,-73.780018849"
25245,CUNDINAMARCA,EL COLEGIO,EL COLEGIO,"5420460,38377641","4.556947085,-74.426584776"
25258,CUNDINAMARCA,EL PEÑON,EL PEÑÓN,"905670,225451816","5.261728244,-74.308305639"
25260,CUNDINAMARCA,EL ROSAL,EL ROSAL,"438317,75968856","4.879723016,-74.238022729"
25269,CUNDINAMARCA,FACATATIVÁ,FACATATIVÁ,"221535,432635033","4.834052334,-74.338022898"
25279,CUNDINAMARCA,FÓMEQUE,FÓMEQUE,"4867721,72045726","4.528568462,-73.797052666"
25281,CUNDINAMARCA,FOSCA,FOSCA,"5074195,40491926","4.316280072,-73.952867838"
25286,CUNDINAMARCA,FUNZA,FUNZA,"8544564,87767031","4.743996711,-74.198659923"
25288,CUNDINAMARCA,FUQUENE,FÚQUENE,"9090866,33751758","5.416288902,-73.770598289"
25290,CUNDINAMARCA,FUSAGASUGÁ,FUSAGASUGÁ,"2204690,46862366","4.323534028,-74.388591139"
25293,CUNDINAMARCA,GACHALÁ,GACHALÁ,"3767125,77099685","4.65495513,-73.510553814"
25295,CUNDINAMARCA,GACHANCIPÁ,GACHANCIPÁ,"5215480,6961472","5.01001953,-73.87671759"
25297,CUNDINAMARCA,GACHETÁ,GACHETÁ,"2976744,41389433","4.867551134,-73.617732872"
25299,CUNDINAMARCA,GAMA,GAMA,"5825902,96744218","4.723573464,-73.600544414"
25307,CUNDINAMARCA,GIRARDOT,GIRARDOT,"1353021,87553179","4.338154518,-74.811439221"
25312,CUNDINAMARCA,GRANADA,GRANADA,"8654850,71556258","4.523484884,-74.337246192"
25317,CUNDINAMARCA,GUACHETÁ,GUACHETÁ,"9919168,24402294","5.387291542,-73.693282341"
25320,CUNDINAMARCA,GUADUAS,GUADUAS,"5574888,10641877","5.173554764,-74.640146507"
25322,CUNDINAMARCA,GUASCA,GUASCA,"2652473,26948088","4.801276832,-73.846434852"
25324,CUNDINAMARCA,GUATAQUÍ,GUATAQUÍ,"4830026,43743219","4.516381655,-74.782577881"
25326,CUNDINAMARCA,GUATAVITA,GUATAVITA,"3934287,43734704","4.91158717,-73.786485644"
25328,CUNDINAMARCA,GUAYABAL DE SÍQUIMA,GUAYABAL DE SÍQUIMA,"5528907,49886598","4.866310254,-74.476770895"
25335,CUNDINAMARCA,GUAYABETAL,GUAYABETAL,"3645280,84145058","4.231875945,-73.835439807"
25339,CUNDINAMARCA,GUTIERREZ,GUTIÉRREZ,"6486928,29082103","4.166089563,-74.024652702"
25368,CUNDINAMARCA,JERUSALÉN,JERUSALÉN,"9374370,88141067","4.571350254,-74.689158536"
25372,CUNDINAMARCA,JUNÍN,JUNÍN,"7691870,31626829","4.705170789,-73.692478732"
25377,CUNDINAMARCA,LA CALERA,LA CALERA,"2462720,33707857","4.700785443,-73.929399208"
25386,CUNDINAMARCA,LA MESA,LA MESA,"1908215,67780763","4.650773167,-74.473217169"
25394,CUNDINAMARCA,LA PALMA,LA PALMA,"825085,650553276","5.333400646,-74.40807863"
25398,CUNDINAMARCA,LA PEÑA,LA PEÑA,"2617454,891635","5.20459882,-74.407866109"
25402,CUNDINAMARCA,LA VEGA,LA VEGA,"9384676,76618097","4.978619842,-74.339360611"
25407,CUNDINAMARCA,LENGUAZAQUE,LENGUAZAQUE,"1648570,73467822","5.303637171,-73.681532277"
25426,CUNDINAMARCA,MACHETÁ,MACHETÁ,"2010850,23941804","5.040349198,-73.617382409"
25430,CUNDINAMARCA,MADRID,MADRID,"6548928,03990427","4.75156751,-74.289630496"
25436,CUNDINAMARCA,MANTA,MANTA,"3829011,05005885","4.976881151,-73.563137406"
25438,CUNDINAMARCA,MEDINA,MEDINA,"9576745,19429846","4.484437919,-73.405984868"
25473,CUNDINAMARCA,MOSQUERA,MOSQUERA,"2227852,65150962","4.672714223,-74.235731935"
25483,CUNDINAMARCA,NARIÑO,NARIÑO,"9789096,68890727","4.407952015,-74.80565317"
25486,CUNDINAMARCA,NEMOCÓN,NEMOCÓN,"9650609,68111698","5.093705358,-73.883802375"
25488,CUNDINAMARCA,NILO,NILO,"9212228,56344271","4.294780933,-74.614694997"
25489,CUNDINAMARCA,NIMAIMA,NIMAIMA,"2935656,36608606","5.121445325,-74.397370483"
25491,CUNDINAMARCA,NOCAIMA,NOCAIMA,"7703288,54194414","5.066110761,-74.389754758"
25506,CUNDINAMARCA,VENECIA,VENECIA,"7460131,25356255","4.063342074,-74.452597955"
25513,CUNDINAMARCA,PACHO,PACHO,"7565089,38815909","5.168367634,-74.163365443"
25518,CUNDINAMARCA,PAIME,PAIME,"312139,981366636","5.387647345,-74.163956956"
25524,CUNDINAMARCA,PANDI,PANDI,"4010208,55528162","4.180497268,-74.471121297"
25530,CUNDINAMARCA,PARATEBUENO,PARATEBUENO,"4127557,69787871","4.368158959,-73.241661397"
25535,CUNDINAMARCA,PASCA,PASCA,"6470753,94318456","4.293733611,-74.27396924"
25572,CUNDINAMARCA,PUERTO SALGAR,PUERTO SALGAR,"1812849,05791675","5.619752748,-74.580192303"
25580,CUNDINAMARCA,PULÍ,PULÍ,"5829965,54759997","4.691336253,-74.680744036"
25592,CUNDINAMARCA,QUEBRADANEGRA,QUEBRADANEGRA,"5153221,81824771","5.09998103,-74.494510697"
25594,CUNDINAMARCA,QUETAME,QUETAME,"5757184,12433765","4.334589044,-73.85264561"
25596,CUNDINAMARCA,QUIPILE,QUIPILE,"6074665,86592381","4.726907976,-74.553599262"
25599,CUNDINAMARCA,APULO,APULO,"1335527,93312629","4.537711619,-74.591246563"
25612,CUNDINAMARCA,RICAURTE,RICAURTE,"5169073,66060081","4.307363489,-74.729434034"
25645,CUNDINAMARCA,SAN ANTONIO DEL TEQUENDAMA,SAN ANTONIO DEL TEQUENDAMA,"3490120,69942671","4.599741357,-74.344903416"
25649,CUNDINAMARCA,SAN BERNARDO,SAN BERNARDO,"5865025,26797508","4.140958464,-74.353976921"
25653,CUNDINAMARCA,SAN CAYETANO,SAN CAYETANO,"3793309,59979268","5.314600423,-74.072320771"
25658,CUNDINAMARCA,SAN FRANCISCO,SAN FRANCISCO,"5475513,5793872","4.964100703,-74.272171286"
25662,CUNDINAMARCA,SAN JUAN DE RIO SECO,SAN JUAN DE RIOSECO,"6012763,12503091","4.814537831,-74.615259849"
25718,CUNDINAMARCA,SASAIMA,SASAIMA,"3201744,89860752","4.946805263,-74.412309212"
25736,CUNDINAMARCA,SESQUILÉ,SESQUILÉ,"280545,230280949","5.000633875,-73.772065443"
25740,CUNDINAMARCA,SIBATÉ,SIBATÉ,"5224210,58545261","4.465970004,-74.263289627"
25743,CUNDINAMARCA,SILVANIA,SILVANIA,"4529456,30702788","4.436967141,-74.37050903"
25745,CUNDINAMARCA,SIMIJACA,SIMIJACA,"4254851,77094218","5.509773128,-73.845191644"
25754,CUNDINAMARCA,SOACHA,SOACHA,"9431570,70784507","4.581866267,-74.240296958"
25758,CUNDINAMARCA,SOPO,SOPÓ,"4624893,11089577","4.888060112,-73.965875277"
25769,CUNDINAMARCA,SUBACHOQUE,SUBACHOQUE,"5578661,6810255","4.970358034,-74.156899234"
25772,CUNDINAMARCA,SUESCA,SUESCA,"9190627,60320514","5.122728461,-73.824273125"
25777,CUNDINAMARCA,SUPATÁ,SUPATÁ,"192065,845338552","5.061692703,-74.231383276"
25779,CUNDINAMARCA,SUSA,SUSA,"4384183,12134293","5.440092358,-73.823925286"
25781,CUNDINAMARCA,SUTATAUSA,SUTATAUSA,"9898693,19199882","5.242909347,-73.855403428"
25785,CUNDINAMARCA,TABIO,TABIO,"8729415,3202751","4.951520046,-74.08449648"
25793,CUNDINAMARCA,TAUSA,TAUSA,"2749787,48334262","5.170527212,-73.958195935"
25797,CUNDINAMARCA,TENA,TENA,"5477116,86866748","4.666608192,-74.367649558"
25799,CUNDINAMARCA,TENJO,TENJO,"7910395,77625195","4.838548601,-74.146802872"
25805,CUNDINAMARCA,TIBACUY,TIBACUY,"4862563,02420655","4.321357899,-74.486672741"
25807,CUNDINAMARCA,TIBIRITA,TIBIRITA,"3562253,66844408","5.084102682,-73.513625457"
25815,CUNDINAMARCA,TOCAIMA,TOCAIMA,"7307084,07493258","4.452072974,-74.648644062"
25817,CUNDINAMARCA,TOCANCIPÁ,TOCANCIPÁ,"324156,996047729","4.968852913,-73.928870205"
25823,CUNDINAMARCA,TOPAIPÍ,TOPAIPÍ,"7910203,01691585","5.355688386,-74.289639943"
25839,CUNDINAMARCA,UBALÁ,UBALÁ,"8716312,52565591","4.803805182,-73.47654604"
25841,CUNDINAMARCA,UBAQUE,UBAQUE,"327480,695032286","4.500754182,-73.975645447"
25843,CUNDINAMARCA,UBATE,VILLA DE SAN DIEGO DE UBATÉ,"9224335,33805505","5.316080652,-73.820105663"
25845,CUNDINAMARCA,UNE,UNE,"5900399,91404313","4.244611163,-74.11187304"
25851,CUNDINAMARCA,ÚTICA,ÚTICA,"3731467,03082309","5.192795708,-74.477800029"
25862,CUNDINAMARCA,VERGARA,VERGARA,"1278463,30841343","5.131267542,-74.309792287"
25867,CUNDINAMARCA,VIANÍ,VIANÍ,"8392400,55120701","4.914040619,-74.549366548"
25871,CUNDINAMARCA,VILLA GÓMEZ,VILLAGÓMEZ,"5111523,70909473","5.270694636,-74.190743751"
25873,CUNDINAMARCA,VILLAPINZÓN,VILLAPINZÓN,"3358288,62524281","5.227298709,-73.577259209"
25875,CUNDINAMARCA,VILLETA,VILLETA,"5334761,250137","5.011670402,-74.487647455"
25878,CUNDINAMARCA,VIOTÁ,VIOTÁ,"1600778,14398503","4.436054105,-74.485433391"
25885,CUNDINAMARCA,YACOPÍ,YACOPÍ,"2543533,03405863","5.591910157,-74.364808653"
25898,CUNDINAMARCA,ZIPACÓN,ZIPACÓN,"1925203,62693578","4.75432173,-74.386734443"
25899,CUNDINAMARCA,ZIPAQUIRA,ZIPAQUIRÁ,"9665583,50832293","5.06631685,-74.049603234"
41001,HUILA,NEIVA,NEIVA,"4142597,41554116","2.993360046,-75.272362322"
41006,HUILA,ACEVEDO,ACEVEDO,"2070185,60136218","1.709114446,-75.996641844"
41013,HUILA,AGRADO,AGRADO,"3351387,70789252","2.26975042,-75.716322355"
41016,HUILA,AIPE,AIPE,"7175239,86383261","3.243441923,-75.276706552"
41020,HUILA,ALGECIRAS,ALGECIRAS,"5958241,68200274","2.49785068,-75.291349457"
41026,HUILA,ALTAMIRA,ALTAMIRA,"6073014,23632126","2.07922808,-75.768582878"
41078,HUILA,BARAYA,BARAYA,"70461,2846502239","3.135423634,-74.957977964"
41132,HUILA,CAMPOALEGRE,CAMPOALEGRE,"7523165,42376509","2.658666675,-75.329438026"
41206,HUILA,COLOMBIA,COLOMBIA,"4377808,41115367","3.262763564,-74.785161172"
41244,HUILA,ELÍAS,ELÍAS,"3469241,71195817","2.022053305,-75.944305207"
41298,HUILA,GARZÓN,GARZÓN,"1799124,62933804","2.172441496,-75.571312425"
41306,HUILA,GIGANTE,GIGANTE,"4914623,21320454","2.371781539,-75.516997536"
41319,HUILA,GUADALUPE,GUADALUPE,"719281,506560112","1.984394016,-75.696935488"
41357,HUILA,ÍQUIRA,ÍQUIRA,"3219633,87453609","2.691517773,-75.673831406"
41359,HUILA,ISNOS,ISNOS,"8336833,2679988","1.945591321,-76.182047216"
41378,HUILA,LA ARGENTINA,LA ARGENTINA,"8608435,50768496","2.156287619,-76.006794511"
41396,HUILA,LA PLATA,LA PLATA,"7765431,51371983","2.328076586,-76.001172988"
41483,HUILA,NÁTAGA,NÁTAGA,"9638612,91772946","2.576066285,-75.786937574"
41503,HUILA,OPORAPA,OPORAPA,"5397059,45703269","2.061191362,-76.04110289"
41518,HUILA,PAICOL,PAICOL,"2605669,60569442","2.40689827,-75.72803027"
41524,HUILA,PALERMO,PALERMO,"4488151,52480405","2.914491967,-75.440661177"
41530,HUILA,PALESTINA,PALESTINA,"2127791,24259155","1.68458076,-76.147855897"
41548,HUILA,PITAL,PITAL,"8847644,9134057","2.259601773,-75.831951604"
41551,HUILA,PITALITO,PITALITO,"5563286,69692246","1.848217185,-76.05217643"
41615,HUILA,RIVERA,RIVERA,"297150,099385294","2.79286115,-75.235368675"
41660,HUILA,SALADOBLANCO,SALADOBLANCO,"7315405,36660421","2.100382849,-76.228978708"
41668,HUILA,SAN AGUSTÍN,SAN AGUSTÍN,"677198,485872191","1.924165493,-76.416565503"
41676,HUILA,SANTA MARÍA,SANTA MARÍA,"619337,731641587","2.926265937,-75.633597855"
41770,HUILA,SUAZA,SUAZA,"3560617,363068","1.870992095,-75.807984706"
41791,HUILA,TARQUI,TARQUI,"6007961,60065578","2.130280544,-75.875348449"
41797,HUILA,TESALIA,TESALIA,"9506448,42130431","2.526855132,-75.68259642"
41799,HUILA,TELLO,TELLO,"7521367,1273377","3.030611777,-75.08536553"
41801,HUILA,TERUEL,TERUEL,"8178689,3767167","2.851852692,-75.759889336"
41807,HUILA,TIMANÁ,TIMANÁ,"846732,816398459","1.950715226,-75.917576487"
41872,HUILA,VILLAVIEJA,VILLAVIEJA,"9527910,23236104","3.287057875,-75.13838292"
41885,HUILA,YAGUARÁ,YAGUARÁ,"6217268,37982631","2.646563339,-75.515926448"
44035,LA GUAJIRA,ALBANIA,ALBANIA,"7586235,34217312","11.228690485,-72.532096574"
44078,LA GUAJIRA,BARRANCAS,BARRANCAS,"3110574,53854904","10.948716767,-72.696968794"
44090,LA GUAJIRA,DIBULLA,DIBULLA,"4384186,10580543","11.090297147,-73.435687876"
44098,LA GUAJIRA,DISTRACCIÓN,DISTRACCIÓN,"1897906,70016981","10.925051067,-72.944440273"
44110,LA GUAJIRA,EL MOLINO,EL MOLINO,"7719696,38207307","10.636696455,-72.8858431"
44279,LA GUAJIRA,FONSECA,FONSECA,"8717854,49598178","10.8283716,-72.801817799"
44378,LA GUAJIRA,HATONUEVO,HATONUEVO,"6684663,59926659","11.099055817,-72.738424272"
44420,LA GUAJIRA,LA JAGUA DEL PILAR,LA JAGUA DEL PILAR,"6373409,64684948","10.4580941,-73.072091927"
44430,LA GUAJIRA,MAICAO,MAICAO,"9203410,07434833","11.381577644,-72.295008177"
44560,LA GUAJIRA,MANAURE,MANAURE,"4154118,01633627","11.605542633,-72.571603922"
44650,LA GUAJIRA,SAN JUAN DEL CESAR,SAN JUAN DEL CESAR,"9612334,23046908","10.81311496,-73.086599864"
44855,LA GUAJIRA,URUMITA,URUMITA,"9620096,66845045","10.494702101,-72.986239906"
44874,LA GUAJIRA,VILLANUEVA,VILLANUEVA,"4294053,142567","10.583647554,-72.975202862"
47030,MAGDALENA,ALGARROBO,ALGARROBO,"2788445,52958183","10.253564748,-74.103230272"
47058,MAGDALENA,ARIGUANÍ,ARIGUANÍ,"4386906,9139514","9.834264955,-74.084600846"
47161,MAGDALENA,CERRO DE SAN ANTONIO,CERRO DE SAN ANTONIO,"8352603,21198241","10.313293299,-74.80834413"
47170,MAGDALENA,CHIVOLO,CHIVOLO,"5967542,83776225","10.099519608,-74.526066666"
47189,MAGDALENA,CIÉNAGA,CIÉNAGA,"840275,455791125","10.857545516,-74.025004934"
47205,MAGDALENA,CONCORDIA,CONCORDIA,"6227342,87374161","10.232848013,-74.778101753"
47245,MAGDALENA,EL BANCO,EL BANCO,"5555832,68117468","9.114930635,-73.981054905"
47258,MAGDALENA,EL PIÑÓN,EL PIÑÓN,"4940937,86344376","10.343109882,-74.678177555"
47268,MAGDALENA,EL RETÉN,EL RETÉN,"119807,167493837","10.659616964,-74.325159702"
47288,MAGDALENA,FUNDACIÓN,FUNDACIÓN,"1896394,51088635","10.459378178,-73.884065179"
47318,MAGDALENA,GUAMAL,GUAMAL,"6053938,85556014","9.248004673,-74.139680847"
47460,MAGDALENA,NUEVA GRANADA,NUEVA GRANADA,"5392582,9219123","9.735998134,-74.32840222"
47541,MAGDALENA,PEDRAZA,PEDRAZA,"1588913,87346011","10.154295459,-74.831780906"
47545,MAGDALENA,PIJIÑO DEL CARMEN,PIJIÑO DEL CARMEN,"3911679,55626845","9.530748654,-74.144765702"
47551,MAGDALENA,PIVIJAY,PIVIJAY,"8398635,4854748","10.433033993,-74.412511966"
47555,MAGDALENA,PLATO,PLATO,"1676945,45768068","9.76945611,-74.601815758"
47570,MAGDALENA,PUEBLO VIEJO,PUEBLOVIEJO,"9775833,78946905","10.847589014,-74.360579422"
47605,MAGDALENA,REMOLINO,REMOLINO,"72278,1459249278","10.648603506,-74.581068226"
47660,MAGDALENA,SABANAS DE SAN ANGEL,SABANAS DE SAN ÁNGEL,"2626691,88682546","10.105330275,-74.264439202"
47675,MAGDALENA,SALAMINA,SALAMINA,"6426294,91942789","10.51538178,-74.722969716"
47692,MAGDALENA,SAN SEBASTIAN DE BUENAVISTA,SAN SEBASTIÁN DE BUENAVISTA,"3125731,39755364","9.380680272,-74.197979884"
47703,MAGDALENA,SAN ZENÓN,SAN ZENÓN,"2076793,93628901","9.306869548,-74.358516443"
47707,MAGDALENA,SANTA ANA,SANTA ANA,"6766559,94801738","9.503097215,-74.444193806"
47720,MAGDALENA,SANTA BÁRBARA DE PINTO,SANTA BÁRBARA DE PINTO,"5089579,51792029","9.484388135,-74.665211779"
47745,MAGDALENA,SITIONUEVO,SITIONUEVO,"9480546,08471638","10.89027616,-74.629660378"
47798,MAGDALENA,TENERIFE,TENERIFE,"3698271,32845154","9.924701267,-74.732630011"
47960,MAGDALENA,ZAPAYÁN,ZAPAYÁN,"2366657,88636024","10.117798928,-74.691154562"
47980,MAGDALENA,ZONA BANANERA,ZONA BANANERA,"3179554,97709698","10.796346583,-74.177983168"
50006,META,ACACÍAS,ACACÍAS,"9055380,59477072","3.943383008,-73.571351617"
50110,META,BARRANCA DE UPIA,BARRANCA DE UPÍA,"7233313,46599284","4.519076127,-72.995489813"
50124,META,CABUYARO,CABUYARO,"772905,925316768","4.315244759,-72.952688956"
50150,META,CASTILLA LA NUEVA,CASTILLA LA NUEVA,"282429,954265916","3.805154089,-73.538866677"
50223,META,CUBARRAL,CUBARRAL,"9515004,32005324","3.834631516,-74.062324943"
50226,META,CUMARAL,CUMARAL,"6757204,08250146","4.232526389,-73.314775392"
50245,META,EL CALVARIO,EL CALVARIO,"7400694,73514554","4.353769888,-73.714416844"
50251,META,EL CASTILLO,EL CASTILLO,"9229986,8210043","3.60282633,-73.894452375"
50270,META,EL DORADO,EL DORADO,"9052875,57675502","3.706969785,-73.831618922"
50287,META,FUENTE DE ORO,FUENTE DE ORO,"8093781,72710778","3.382370124,-73.596254293"
50313,META,GRANADA,GRANADA,"826543,953865194","3.441051399,-73.761154704"
50318,META,GUAMAL,GUAMAL,"9742347,42947777","3.947775585,-73.959838638"
50330,META,MESETAS,MESETAS,"3736415,7940058","3.154771201,-74.124548242"
50370,META,URIBE,URIBE,"8348275,10537839","3.047726858,-74.430661339"
50400,META,LEJANÍAS,LEJANÍAS,"7167283,13163738","3.614714873,-74.096284667"
50573,META,PUERTO LÓPEZ,PUERTO LÓPEZ,"3320251,98420101","4.014298921,-72.645704992"
50606,META,RESTREPO,RESTREPO,"4806099,08877163","4.204310977,-73.502260369"
50680,META,SAN CARLOS DE GUAROA,SAN CARLOS DE GUAROA,"2353255,07554648","3.84761678,-73.275834014"
50683,META,SAN JUAN DE ARAMA,SAN JUAN DE ARAMA,"7919667,57613945","3.289851171,-73.816352434"
50686,META,SAN JUANITO,SAN JUANITO,"198925,462337008","4.471346322,-73.660413554"
50689,META,SAN MARTÍN,SAN MARTÍN,"102243,310342843","3.515860962,-72.656727424"
52036,NARIÑO,ANCUYA,ANCUYA,"9442318,76036143","1.245254077,-77.53115777"
52051,NARIÑO,ARBOLEDA,ARBOLEDA,"1200923,24299766","1.480051172,-77.129850006"
52083,NARIÑO,BELEN,BELÉN,"9771305,12629985","1.593645287,-77.019993659"
52110,NARIÑO,BUESACO,BUESACO,"1342220,75405194","1.315215636,-77.116366395"
52203,NARIÑO,COLON,COLÓN,"1593067,30172523","1.636334379,-77.0473156"
52207,NARIÑO,CONSACÁ,CONSACÁ,"2160784,15579696","1.209066732,-77.440639207"
52210,NARIÑO,CONTADERO,CONTADERO,"3046608,70679045","0.932667458,-77.528087314"
52215,NARIÑO,CÓRDOBA,CÓRDOBA,"5582135,39986023","0.78274688,-77.368059034"
52224,NARIÑO,CUASPUD,CUASPUD CARLOSAMA,"3170396,77775364","0.875426999,-77.735916005"
52227,NARIÑO,CUMBAL,CUMBAL,"8228175,19009425","0.944223274,-77.959584455"
52233,NARIÑO,CUMBITARA,CUMBITARA,"9430928,50088657","1.72559011,-77.592816372"
52240,NARIÑO,CHACHAGÜÍ,CHACHAGÜÍ,"4870837,98253012","1.386497844,-77.26969022"
52254,NARIÑO,EL PEÑOL,EL PEÑOL,"3253075,17966647","1.512283967,-77.430509342"
52256,NARIÑO,EL ROSARIO,EL ROSARIO,"8810759,05285932","1.887689437,-77.483195889"
52258,NARIÑO,EL TABLÓN DE GÓMEZ,EL TABLÓN DE GÓMEZ,"399731,050580417","1.409430207,-76.985269588"
52287,NARIÑO,FUNES,FUNES,"2840482,96323192","0.957786429,-77.395327805"
52320,NARIÑO,GUAITARILLA,GUAITARILLA,"3841025,91688236","1.151366658,-77.530113362"
52323,NARIÑO,GUALMATÁN,GUALMATÁN,"7083157,51063688","0.928642623,-77.582618827"
52352,NARIÑO,ILES,ILES,"9477856,38563579","0.980534037,-77.518657295"
52354,NARIÑO,IMUES,IMUÉS,"776654,219191568","1.07287697,-77.501508644"
52378,NARIÑO,LA CRUZ,LA CRUZ,"1117699,15635342","1.584175998,-76.923352621"
52385,NARIÑO,LA LLANADA,LA LLANADA,"3579721,80844656","1.541847847,-77.61781608"
52399,NARIÑO,LA UNIÓN,LA UNIÓN,"1350804,05262901","1.619697376,-77.142846218"
52411,NARIÑO,LINARES,LINARES,"8572420,90307609","1.395173084,-77.520937738"
52418,NARIÑO,LOS ANDES,LOS ANDES,"2381358,8393782","1.672601269,-77.710544487"
52480,NARIÑO,NARIÑO,NARIÑO,"7450316,29195183","1.286775273,-77.352203665"
52565,NARIÑO,PROVIDENCIA,PROVIDENCIA,"2901803,4565163","1.232864821,-77.598442123"
52573,NARIÑO,PUERRES,PUERRES,"7894505,22119291","0.854351651,-77.350325234"
52585,NARIÑO,PUPIALES,PUPIALES,"8261070,19180274","0.916769831,-77.633369537"
52612,NARIÑO,RICAURTE,RICAURTE,"1442651,07250526","1.147671848,-78.05811118"
52685,NARIÑO,SAN BERNARDO,SAN BERNARDO,"5502364,3547704","1.529782485,-77.020706625"
52687,NARIÑO,SAN LORENZO,SAN LORENZO,"5876082,174767","1.542139582,-77.218726925"
52694,NARIÑO,SAN PEDRO DE CARTAGO,SAN PEDRO DE CARTAGO,"8397625,19951174","1.536823494,-77.101403249"
52699,NARIÑO,SANTA CRUZ (Guachavés),SANTACRUZ,"942278,149186507","1.285179376,-77.744574404"
52720,NARIÑO,SAPUYES,SAPUYES,"979709,038561169","1.045287475,-77.71810954"
52786,NARIÑO,TAMINANGO,TAMINANGO,"7699546,02731715","1.591661392,-77.325253155"
52788,NARIÑO,TANGUA,TANGUA,"8896594,09559737","1.064078111,-77.350634907"
52838,NARIÑO,TUQUERRES,TÚQUERRES,"5731448,19069241","1.134440523,-77.63073238"
52885,NARIÑO,YACUANQUER,YACUANQUER,"3342691,72090942","1.125547916,-77.424675688"
54003,NORTE DE SANTANDER,ABREGO,ÁBREGO,"5543921,55754267","8.019834481,-73.158504846"
54051,NORTE DE SANTANDER,ARBOLEDAS,ARBOLEDAS,"1550148,63729318","7.586048164,-72.917053152"
54125,NORTE DE SANTANDER,CÁCOTA,CÁCOTA,"5520596,685709","7.270560088,-72.652121526"
54172,NORTE DE SANTANDER,CHINÁCOTA,CHINÁCOTA,"4568508,60688429","7.583353136,-72.583909779"
54174,NORTE DE SANTANDER,CHITAGÀ,CHITAGÁ,"9545412,36366165","7.05161677,-72.525447458"
54206,NORTE DE SANTANDER,CONVENCIÓN,CONVENCIÓN,"8076249,66025771","8.873159895,-73.200077686"
54223,NORTE DE SANTANDER,CUCUTILLA,CUCUTILLA,"6761311,78801581","7.502182366,-72.797034471"
54245,NORTE DE SANTANDER,EL CARMEN,EL CARMEN,"5535713,41725171","8.867990035,-73.345859216"
54250,NORTE DE SANTANDER,EL TARRA,EL TARRA,"3655917,8420376","8.678263671,-73.031759698"
54347,NORTE DE SANTANDER,HERRÁN,HERRÁN,"7438252,56607248","7.493955781,-72.492699981"
54385,NORTE DE SANTANDER,LA ESPERANZA,LA ESPERANZA,"8767209,70931288","7.695233593,-73.361396723"
54398,NORTE DE SANTANDER,LA PLAYA,LA PLAYA,"2534747,52515681","8.256757875,-73.187893266"
54418,NORTE DE SANTANDER,LOURDES,LOURDES,"5583168,47857021","7.963712759,-72.846702903"
54480,NORTE DE SANTANDER,MUTISCUA,MUTISCUA,"684929,180478385","7.31694997,-72.768345835"
54520,NORTE DE SANTANDER,PAMPLONITA,PAMPLONITA,"1749227,66123531","7.48287886,-72.635154009"
54553,NORTE DE SANTANDER,PUERTO SANTANDER,PUERTO SANTANDER,"5695404,57502693","8.329138642,-72.411190655"
54599,NORTE DE SANTANDER,RAGONVALIA,RAGONVALIA,"5357468,68105253","7.595355974,-72.507566221"
54660,NORTE DE SANTANDER,SALAZAR,SALAZAR,"5690364,25636346","7.772747824,-72.867699587"
54670,NORTE DE SANTANDER,SAN CALIXTO,SAN CALIXTO,"8014414,68032411","8.414441404,-73.217603803"
54673,NORTE DE SANTANDER,SAN CAYETANO,SAN CAYETANO,"8141347,42664972","7.847872195,-72.609712034"
54680,NORTE DE SANTANDER,SANTIAGO,SANTIAGO,"1493851,64893409","7.889234454,-72.718254104"
54743,NORTE DE SANTANDER,SILOS,SILOS,"3675135,1999172","7.180991879,-72.786178841"
54800,NORTE DE SANTANDER,TEORAMA,TEORAMA,"282385,498061712","8.760013794,-73.157140966"
54810,NORTE DE SANTANDER,TIBÚ,TIBÚ,"3714998,98275141","8.713507237,-72.79925855"
54871,NORTE DE SANTANDER,VILLA CARO,VILLA CARO,"7204790,59948662","7.936293173,-72.987594182"
63001,QUINDÍO,ARMENIA,ARMENIA,"454633,311378954","4.499501128,-75.724899852"
63111,QUINDÍO,BUENAVISTA,BUENAVISTA,"7841177,80257509","4.366632382,-75.74403734"
63130,QUINDÍO,CALARCA,CALARCÁ,"6711838,06438755","4.467879428,-75.65674719"
63190,QUINDÍO,CIRCASIA,CIRCASIA,"1667430,34276224","4.604845344,-75.666884494"
63212,QUINDÍO,CÓRDOBA,CÓRDOBA,"7987347,81151062","4.395975176,-75.651323077"
63272,QUINDÍO,FILANDIA,FILANDIA,"2094332,33931534","4.669325347,-75.671469407"
63302,QUINDÍO,GÉNOVA,GÉNOVA,"9221320,76901592","4.180107773,-75.760566947"
63401,QUINDÍO,LA TEBAIDA,LA TEBAIDA,"2960636,39858729","4.426884849,-75.819273353"
63470,QUINDÍO,MONTENEGRO,MONTENEGRO,"5985374,11050626","4.521890945,-75.818065942"
63548,QUINDÍO,PIJAO,PIJAO,"7943589,67226646","4.30397934,-75.683304171"
63594,QUINDÍO,QUIMBAYA,QUIMBAYA,"392368,686303972","4.610273497,-75.792050869"
63690,QUINDÍO,SALENTO,SALENTO,"9960984,26848885","4.611314654,-75.530921122"
66001,RISARALDA,PEREIRA,PEREIRA,"9101371,80814813","4.803662773,-75.795790934"
66045,RISARALDA,APÍA,APÍA,"6406682,87024858","5.139635357,-75.953538705"
66088,RISARALDA,BELÉN DE UMBRÍA,BELÉN DE UMBRÍA,"7224551,49735051","5.200398696,-75.867938933"
66318,RISARALDA,GUÁTICA,GUÁTICA,"223141,630879221","5.320295966,-75.804366589"
66383,RISARALDA,LA CELIA,LA CELIA,"2520646,3045534","4.988127679,-76.008226782"
66400,RISARALDA,LA VIRGINIA,LA VIRGINIA,"6887277,00972329","4.904704187,-75.852081623"
66440,RISARALDA,MARSELLA,MARSELLA,"8331808,40918297","4.942936185,-75.753213896"
66572,RISARALDA,PUEBLO RICO,PUEBLO RICO,"9668921,28426167","5.286295408,-76.073594212"
66594,RISARALDA,QUINCHIA,QUINCHÍA,"7663978,38220891","5.323906864,-75.713396832"
66682,RISARALDA,SANTA ROSA DE CABAL,SANTA ROSA DE CABAL,"4594187,74001521","4.833789828,-75.549501744"
66687,RISARALDA,SANTUARIO,SANTUARIO,"533744,400750887","5.076100313,-76.02286946"
68013,SANTANDER,AGUADA,AGUADA,"7770614,98863093","6.182208476,-73.530385409"
68020,SANTANDER,ALBANIA,ALBANIA,"146286,738791439","5.788190519,-73.792369285"
68051,SANTANDER,ARATOCA,ARATOCA,"9749586,89083882","6.716766585,-73.01162697"
68077,SANTANDER,BARBOSA,BARBOSA,"3100251,65893323","5.955617327,-73.623452292"
68079,SANTANDER,BARICHARA,BARICHARA,"8838042,89945207","6.647062543,-73.215184663"
68081,SANTANDER,BARRANCABERMEJA,BARRANCABERMEJA,"4138153,42750804","7.054074558,-73.782116461"
68092,SANTANDER,BETULIA,BETULIA,"430984,540344912","7.033255886,-73.378723879"
68101,SANTANDER,BOLIVAR,BOLÍVAR,"6008397,96773829","6.181715586,-73.920657034"
68121,SANTANDER,CABRERA,CABRERA,"6005082,27056378","6.562543673,-73.250348922"
68132,SANTANDER,CALIFORNIA,CALIFORNIA,"841701,597710993","7.331565443,-72.951318254"
68147,SANTANDER,CAPITANEJO,CAPITANEJO,"159352,630683584","6.520200095,-72.674352026"
68152,SANTANDER,CARCASÍ,CARCASÍ,"6666238,67251994","6.659675274,-72.569684339"
68160,SANTANDER,CEPITÁ,CEPITÁ,"9560270,28689233","6.752465533,-72.92924629"
68162,SANTANDER,CERRITO,CERRITO,"3919264,08741751","6.903923173,-72.645363244"
68167,SANTANDER,CHARALA,CHARALÁ,"4675833,46196965","6.35099819,-73.061013821"
68169,SANTANDER,CHARTA,CHARTA,"4216401,42710112","7.282973001,-72.978290565"
68176,SANTANDER,CHIMA,CHIMA,"5377397,65207455","6.361627641,-73.401721444"
68179,SANTANDER,CHIPATÁ,CHIPATÁ,"1402736,09632616","6.067944658,-73.632391317"
68190,SANTANDER,CIMITARRA,CIMITARRA,"9742055,57540465","6.40972961,-74.170304269"
68207,SANTANDER,CONCEPCIÓN,CONCEPCIÓN,"1753003,92535201","6.76062337,-72.618157347"
68209,SANTANDER,CONFINES,CONFINES,"2375845,14578436","6.342314443,-73.25014013"
68211,SANTANDER,CONTRATACIÓN,CONTRATACIÓN,"1863458,35942409","6.303116611,-73.502115273"
68217,SANTANDER,COROMORO,COROMORO,"3254157,26797146","6.234735779,-72.981768025"
68229,SANTANDER,CURITÍ,CURITÍ,"4568664,56670785","6.608966483,-73.05897888"
68235,SANTANDER,EL CARMEN DE CHUCURI,EL CARMEN DE CHUCURI,"176736,468530759","6.664260002,-73.564752876"
68245,SANTANDER,EL GUACAMAYO,EL GUACAMAYO,"2436930,43743808","6.236115743,-73.497760502"
68250,SANTANDER,EL PEÑÓN,EL PEÑÓN,"478194,860619142","6.123389691,-74.000403973"
68255,SANTANDER,EL PLAYÓN,EL PLAYÓN,"6894066,27924516","7.524284721,-73.181581916"
68264,SANTANDER,ENCINO,ENCINO,"9419815,62015165","6.079061224,-73.062066649"
68266,SANTANDER,ENCISO,ENCISO,"7673606,19613983","6.65824115,-72.680279389"
68271,SANTANDER,FLORIÁN,FLORIÁN,"794694,531638066","5.801106291,-73.955249308"
68276,SANTANDER,FLORIDABLANCA,FLORIDABLANCA,"500745,700138095","7.079704598,-73.067992503"
68296,SANTANDER,GALÁN,GALÁN,"7567278,24502089","6.671810994,-73.324671243"
68298,SANTANDER,GÁMBITA,GÁMBITA,"1126476,60297647","5.924383558,-73.319399336"
68318,SANTANDER,GUACA,GUACA,"7982678,12582832","6.9434341,-72.823698733"
68320,SANTANDER,GUADALUPE,GUADALUPE,"6008471,40507862","6.233278248,-73.409774453"
68322,SANTANDER,GUAPOTÁ,GUAPOTÁ,"2444620,94222647","6.319299865,-73.331152752"
68324,SANTANDER,GUAVATÁ,GUAVATÁ,"6088099,6697419","5.944894844,-73.721736707"
68327,SANTANDER,GÜEPSA,GÜEPSA,"3778580,63709537","6.04656148,-73.578478539"
68344,SANTANDER,HATO,HATO,"1771788,20486454","6.559878299,-73.361788405"
68368,SANTANDER,JESÚS MARÍA,JESÚS MARÍA,"4254895,89575202","5.872705896,-73.789974186"
68370,SANTANDER,JORDÁN SUBE,JORDÁN,"7954187,7535695","6.710814846,-73.121123602"
68377,SANTANDER,LA BELLEZA,LA BELLEZA,"6213044,72151538","5.895724341,-74.046765754"
68385,SANTANDER,LANDÁZURI,LANDÁZURI,"5816001,39285323","6.385234814,-73.78760899"
68397,SANTANDER,LA PAZ,LA PAZ,"4351588,2093939","6.21737437,-73.629771951"
68406,SANTANDER,LEBRÍJA,LEBRIJA,"8317819,82029364","7.204060063,-73.291380974"
68418,SANTANDER,LOS SANTOS,LOS SANTOS,"58666,4588787322","6.812162934,-73.107850857"
68425,SANTANDER,MACARAVITA,MACARAVITA,"3451079,6692501","6.513745303,-72.585364919"
68432,SANTANDER,MÁLAGA,MÁLAGA,"5666662,58319203","6.720222349,-72.738410914"
68444,SANTANDER,MATANZA,MATANZA,"87792,4947802589","7.348778319,-73.054389973"
68464,SANTANDER,MOGOTES,MOGOTES,"6614334,02592457","6.492532315,-72.958347724"
68468,SANTANDER,MOLAGAVITA,MOLAGAVITA,"6912661,13469315","6.643290559,-72.819162739"
68498,SANTANDER,OCAMONTE,OCAMONTE,"5364151,31330007","6.355368858,-73.122118331"
68500,SANTANDER,OIBA,OIBA,"3676586,33931348","6.225596216,-73.279615153"
68502,SANTANDER,ONZAGA,ONZAGA,"4006889,74025272","6.335194548,-72.812058376"
68522,SANTANDER,PALMAR,PALMAR,"3662544,59363372","6.525876964,-73.282473371"
68524,SANTANDER,PALMAS DEL SOCORRO,PALMAS DEL SOCORRO,"5025987,01924832","6.391750107,-73.282731743"
68533,SANTANDER,PÁRAMO,PÁRAMO,"6617867,05075903","6.416631131,-73.171482319"
68547,SANTANDER,PIEDECUESTA,PIEDECUESTA,"7208413,01588782","6.97082104,-73.014811964"
68549,SANTANDER,PINCHOTE,PINCHOTE,"6826756,61701625","6.513892626,-73.175709863"
68572,SANTANDER,PUENTE NACIONAL,PUENTE NACIONAL,"7475607,14337969","5.831129906,-73.678418153"
68573,SANTANDER,PUERTO PARRA,PUERTO PARRA,"2850401,35982778","6.685278856,-73.957612558"
68575,SANTANDER,PUERTO WILCHES,PUERTO WILCHES,"9047511,0980979","7.398198257,-73.835469604"
68615,SANTANDER,RIONEGRO,RIONEGRO,"4657485,65134447","7.474226085,-73.372464172"
68655,SANTANDER,SABANA DE TORRES,SABANA DE TORRES,"2206192,20035286","7.4065422,-73.571318074"
68669,SANTANDER,SAN ANDRES,SAN ANDRÉS,"3344718,12529012","6.796483063,-72.816132023"
68673,SANTANDER,SAN BENITO,SAN BENITO,"9635573,25000484","6.076525355,-73.552953018"
68679,SANTANDER,SAN GIL,SAN GIL,"5875876,42104908","6.550778765,-73.118879111"
68682,SANTANDER,SAN JOAQUÍN,SAN JOAQUÍN,"3304219,75396269","6.459879823,-72.85471883"
68684,SANTANDER,SAN JOSÉ DE MIRANDA,SAN JOSÉ DE MIRANDA,"6750798,06535061","6.629400185,-72.739764227"
68686,SANTANDER,SAN MIGUEL,SAN MIGUEL,"1834026,61943647","6.568121541,-72.643224968"
68689,SANTANDER,SAN VICENTE DE CHUCURI,SAN VICENTE DE CHUCURÍ,"4285884,08238851","6.894292346,-73.539003336"
68705,SANTANDER,SANTA BARBARA,SANTA BÁRBARA,"4745350,07237926","6.988084711,-72.896089334"
68720,SANTANDER,SANTA HELENA DEL OPÓN,SANTA HELENA DEL OPÓN,"7309527,62833733","6.40890734,-73.582066089"
68745,SANTANDER,SIMACOTA,SIMACOTA,"4656211,48304885","6.494231551,-73.459109916"
68755,SANTANDER,SOCORRO,SOCORRO,"9145088,36416181","6.462088241,-73.244360009"
68770,SANTANDER,SUAITA,SUAITA,"7988486,64863944","6.101499739,-73.362257946"
68773,SANTANDER,SUCRE,SUCRE,"7397610,08289221","5.983203734,-73.959362354"
68780,SANTANDER,SURATÁ,SURATÁ,"4827568,00883972","7.475402063,-72.987799659"
68820,SANTANDER,TONA,TONA,"7436571,17091046","7.170891099,-72.939704433"
68855,SANTANDER,VALLE DE SAN JOSE,VALLE DE SAN JOSÉ,"5905180,33723322","6.434578919,-73.10997171"
68861,SANTANDER,VÉLEZ,VÉLEZ,"3765073,0166424","6.00741043,-73.690572558"
68867,SANTANDER,VETAS,VETAS,"9120405,33650244","7.322219563,-72.881569005"
68872,SANTANDER,VILLANUEVA,VILLANUEVA,"406665,33791377","6.685867326,-73.16396916"
68895,SANTANDER,ZAPATOCA,ZAPATOCA,"5255376,90246887","6.813725566,-73.309750443"
70110,SUCRE,BUENAVISTA,BUENAVISTA,"9776471,5528753","9.314972282,-74.980140573"
70124,SUCRE,CAIMITO,CAIMITO,"6534607,39268967","8.792311599,-75.131910629"
70204,SUCRE,RICAURTE (COLOSO),COLOSÓ,"9516585,02995817","9.494043427,-75.345286931"
70215,SUCRE,COROZAL,COROZAL,"7156832,97509366","9.160624283,-75.238581777"
70221,SUCRE,COVEÑAS,COVEÑAS,"781335,097032651","9.394449802,-75.6574915"
70230,SUCRE,CHALÁN,CHALÁN,"9913197,42453199","9.569584598,-75.324209075"
70233,SUCRE,EL ROBLE,EL ROBLE,"6301650,85967479","9.036231591,-75.145750378"
70235,SUCRE,GALERAS,GALERAS,"1294357,58538901","9.135169096,-74.981347057"
70265,SUCRE,GUARANDA,GUARANDA,"6116360,48829983","8.337828523,-74.687349255"
70400,SUCRE,LA UNIÓN,LA UNIÓN,"1161774,23776529","8.811997799,-75.283222116"
70418,SUCRE,LOS PALMITOS,LOS PALMITOS,"6540025,31520479","9.422380117,-75.21302191"
70429,SUCRE,MAJAGUAL,MAJAGUAL,"4976360,08644269","8.546148134,-74.710378834"
70473,SUCRE,MORROA,MORROA,"9181306,66846322","9.392496685,-75.327187442"
70508,SUCRE,OVEJAS,OVEJAS,"2883398,98777598","9.549655271,-75.188559161"
70523,SUCRE,PALMITO,PALMITO,"1603579,80932321","9.334940293,-75.561990273"
70670,SUCRE,SAMPUÉS,SAMPUÉS,"2570016,94081561","9.165188649,-75.360274217"
70678,SUCRE,SAN BENITO ABAD,SAN BENITO ABAD,"6532500,15891246","8.835634919,-74.964693983"
70702,SUCRE,SAN JUAN DE BETULIA,SAN JUAN DE BETULIA,"1945599,47846846","9.292019071,-75.213635785"
70708,SUCRE,SAN MARCOS,SAN MARCOS,"8896715,24827969","8.589220102,-75.172499549"
70713,SUCRE,SAN ONOFRE,SAN ONOFRE,"4332694,91422813","9.814599536,-75.505229192"
70717,SUCRE,SAN PEDRO,SAN PEDRO,"8002313,18089774","9.396835638,-75.037418148"
70742,SUCRE,SAN LUIS DE SINCÉ,SAN LUIS DE SINCÉ,"7263728,74393571","9.256299047,-75.093970889"
70771,SUCRE,SUCRE,SUCRE,"8884662,26018247","8.814333477,-74.747531312"
70820,SUCRE,SANTIAGO DE TOLÚ,SANTIAGO DE TOLÚ,"6206099,9632244","9.533810567,-75.535434694"
70823,SUCRE,TOLÚ VIEJO,SAN JOSÉ DE TOLUVIEJO,"2479927,90897197","9.490297716,-75.444511154"
73024,TOLIMA,ALPUJARRA,ALPUJARRA,"4915000,19611904","3.390015064,-74.940782325"
73026,TOLIMA,ALVARADO,ALVARADO,"8370988,71226279","4.582625784,-74.986306856"
73030,TOLIMA,AMBALEMA,AMBALEMA,"3750945,95997681","4.803365246,-74.80998676"
73043,TOLIMA,ANZOÁTEGUI,ANZOÁTEGUI,"8178158,26551234","4.623390454,-75.201654227"
73055,TOLIMA,ARMERO,ARMERO,"8590094,35675929","5.006758956,-74.847500949"
73067,TOLIMA,ATACO,ATACO,"8404748,93043545","3.37749064,-75.613732571"
73124,TOLIMA,CAJAMARCA,CAJAMARCA,"4073766,84035935","4.406971283,-75.497459183"
73148,TOLIMA,CARMEN DE APICALA,CARMEN DE APICALÁ,"1963046,06986097","4.123416795,-74.747002457"
73152,TOLIMA,CASABIANCA,CASABIANCA,"2344313,16460588","5.007003948,-75.194577027"
73168,TOLIMA,CHAPARRAL,CHAPARRAL,"480908,894267368","3.743693084,-75.589866342"
73200,TOLIMA,COELLO,COELLO,"9333823,68167324","4.315603867,-74.914702557"
73217,TOLIMA,COYAIMA,COYAIMA,"9637408,96511124","3.775490271,-75.147202131"
73226,TOLIMA,CUNDAY,CUNDAY,"5627834,09505246","3.98252395,-74.689369077"
73236,TOLIMA,DOLORES,DOLORES,"6543384,30153303","3.597863274,-74.802566735"
73268,TOLIMA,ESPINAL,ESPINAL,"4216888,04121763","4.166476969,-74.893529408"
73270,TOLIMA,FALAN,FALAN,"7946466,83482667","5.079256598,-74.957033717"
73275,TOLIMA,FLANDES,FLANDES,"7654696,34276998","4.242813257,-74.837086379"
73283,TOLIMA,FRESNO,FRESNO,"6708236,16316004","5.186694812,-75.052289947"
73319,TOLIMA,GUAMO,GUAMO,"7624006,71864642","4.076501341,-74.97657287"
73347,TOLIMA,HERVEO,HERVEO,"9513127,63328014","5.068553783,-75.243229587"
73349,TOLIMA,HONDA,HONDA,"9312728,24397551","5.179416561,-74.783030938"
73352,TOLIMA,ICONONZO,ICONONZO,"3595264,96126076","4.133276369,-74.539642569"
73408,TOLIMA,LÉRIDA,LÉRIDA,"5747187,6330404","4.866034592,-74.923371784"
73411,TOLIMA,LIBANO,LÍBANO,"3912463,74544439","4.877936755,-75.047630757"
73443,TOLIMA,SAN SEBASTIÁN DE MARIQUITA,SAN SEBASTIÁN DE MARIQUITA,"6021703,871092","5.235322593,-74.906680891"
73449,TOLIMA,MELGAR,MELGAR,"3689454,41405796","4.193215498,-74.605174974"
73461,TOLIMA,MURILLO,MURILLO,"9690265,95084335","4.826734468,-75.219939865"
73483,TOLIMA,NATAGAIMA,NATAGAIMA,"1659370,32305479","3.540518203,-75.122009994"
73504,TOLIMA,ORTEGA,ORTEGA,"4214593,44441735","3.937793962,-75.278243144"
73520,TOLIMA,PALOCABILDO,PALOCABILDO,"4249413,31579932","5.094035737,-75.018450495"
73547,TOLIMA,PIEDRAS,PIEDRAS,"5842048,38494279","4.433764446,-74.99879938"
73555,TOLIMA,PLANADAS,PLANADAS,"3010341,13554596","3.09897343,-75.81684413"
73563,TOLIMA,PRADO,PRADO,"7446852,53547318","3.729166649,-74.872477056"
73585,TOLIMA,PURIFICACIÓN,PURIFICACIÓN,"8938170,51291382","3.854281614,-74.874511547"
73616,TOLIMA,RIOBLANCO,RIOBLANCO,"1320152,518168","3.468077548,-75.854811025"
73622,TOLIMA,RONCESVALLES,RONCESVALLES,"169757,963078485","4.097861181,-75.594280268"
73624,TOLIMA,ROVIRA,ROVIRA,"5531272,27942083","4.216730954,-75.347583635"
73671,TOLIMA,SALDAÑA,SALDAÑA,"6572379,68358857","3.912542787,-75.018597615"
73675,TOLIMA,SAN ANTONIO,SAN ANTONIO,"9977789,57086016","3.926088268,-75.509910041"
73678,TOLIMA,SAN LUIS,SAN LUIS,"9743037,08793295","4.057271684,-75.163208055"
73686,TOLIMA,SANTA ISABEL,SANTA ISABEL,"1550988,75745473","4.740827622,-75.200699463"
73770,TOLIMA,SUARÉZ,SUÁREZ,"5169195,99832279","3.969210629,-74.844487379"
73854,TOLIMA,VALLE DE SAN JUAN,VALLE DE SAN JUAN,"6702069,37386304","4.182125647,-75.171482368"
73861,TOLIMA,VENADILLO,VENADILLO,"2093435,89519508","4.70988172,-74.920898857"
73870,TOLIMA,VILLAHERMOSA,VILLAHERMOSA,"7120831,95400258","4.965753461,-75.155929691"
73873,TOLIMA,VILLARRICA,VILLARRICA,"7815784,62896442","3.854384097,-74.618966231"
76020,VALLE DEL CAUCA,ALCALÁ,ALCALÁ,"9031231,25296113","4.6788971,-75.782979317"
76036,VALLE DEL CAUCA,ANDALUCÍA,ANDALUCÍA,"5636267,59883258","4.153314228,-76.160633411"
76041,VALLE DEL CAUCA,ANSERMANUEVO,ANSERMANUEVO,"5847270,12485712","4.795927292,-76.029630488"
76054,VALLE DEL CAUCA,ARGELIA,ARGELIA,"7794629,92069306","4.704287864,-76.141649985"
76100,VALLE DEL CAUCA,BOLÍVAR,BOLÍVAR,"5479532,27409582","4.393118861,-76.349820385"
76111,VALLE DEL CAUCA,BUGA,GUADALAJARA DE BUGA,"7043733,65938672","3.819854318,-75.983124185"
76113,VALLE DEL CAUCA,BUGALAGRANDE,BUGALAGRANDE,"8579782,37568463","4.196852991,-76.089610303"
76122,VALLE DEL CAUCA,CAICEDONIA,CAICEDONIA,"7868515,5169537","4.308997973,-75.836725668"
76126,VALLE DEL CAUCA,CALIMA,CALIMA,"9382357,52282653","3.923271619,-76.642604838"
76001,VALLE DEL CAUCA,CALI,CALI,"2835529,51707292","3.399043723,-76.576492589"
76243,VALLE DEL CAUCA,EL ÁGUILA,EL ÁGUILA,"1751574,32198024","4.917562873,-76.066010008"
76246,VALLE DEL CAUCA,EL CAIRO,EL CAIRO,"2662246,08995541","4.756063701,-76.215028258"
76248,VALLE DEL CAUCA,EL CERRITO,EL CERRITO,"5560437,1700224","3.656072873,-76.308417837"
76250,VALLE DEL CAUCA,EL DOVIO,EL DOVIO,"3894837,54526477","4.539979729,-76.287627013"
76275,VALLE DEL CAUCA,FLORIDA,FLORIDA,"1875126,96054058","3.304104295,-76.164773067"
76306,VALLE DEL CAUCA,GINEBRA,GINEBRA,"3673888,32763248","3.74410441,-76.19082004"
76318,VALLE DEL CAUCA,GUACARÍ,GUACARÍ,"4650891,36395773","3.759414991,-76.345182773"
76364,VALLE DEL CAUCA,JAMUNDÍ,JAMUNDÍ,"2076271,07052235","3.213892389,-76.627604178"
76377,VALLE DEL CAUCA,LA CUMBRE,LA CUMBRE,"5088146,26959644","3.694303106,-76.589899052"
76400,VALLE DEL CAUCA,LA UNIÓN,LA UNIÓN,"3606507,85878433","4.537937391,-76.103289827"
76403,VALLE DEL CAUCA,LA VICTORIA,LA VICTORIA,"6564145,19440362","4.483511142,-75.966773027"
76497,VALLE DEL CAUCA,OBANDO,OBANDO,"7261787,87052895","4.597588666,-75.949199698"
76520,VALLE DEL CAUCA,PALMIRA,PALMIRA,"538061,314950952","3.558392876,-76.227799721"
76563,VALLE DEL CAUCA,PRADERA,PRADERA,"432088,189892336","3.42063665,-76.178418412"
76606,VALLE DEL CAUCA,RESTREPO,RESTREPO,"199591,154221732","3.806494973,-76.534898533"
76616,VALLE DEL CAUCA,RIOFRÍO,RIOFRÍO,"3972544,4920318","4.109500298,-76.371054433"
76622,VALLE DEL CAUCA,ROLDANILLO,ROLDANILLO,"348297,600476","4.443571848,-76.168242493"
76670,VALLE DEL CAUCA,SAN PEDRO,SAN PEDRO,"1882512,29689595","3.98143244,-76.208361678"
76736,VALLE DEL CAUCA,SEVILLA,SEVILLA,"1289195,72704179","4.193411919,-75.888181633"
76823,VALLE DEL CAUCA,TORO,TORO,"8959114,92121351","4.638421279,-76.081061761"
76828,VALLE DEL CAUCA,TRUJILLO,TRUJILLO,"6927126,1888304","4.233268116,-76.342926988"
76834,VALLE DEL CAUCA,TULUÁ,TULUÁ,"7908199,44950265","4.02840797,-76.032503793"
76845,VALLE DEL CAUCA,ULLOA,ULLOA,"4037085,56961598","4.707718947,-75.778359026"
76863,VALLE DEL CAUCA,VERSALLES,VERSALLES,"5069452,46315117","4.644242641,-76.259244825"
76869,VALLE DEL CAUCA,VIJES,VIJES,"459970,845298919","3.74365889,-76.470647175"
76890,VALLE DEL CAUCA,YOTOCO,YOTOCO,"2053185,31877327","3.904130354,-76.390804349"
76892,VALLE DEL CAUCA,YUMBO,YUMBO,"5084464,61707057","3.595913669,-76.5109879"
76895,VALLE DEL CAUCA,ZARZAL,ZARZAL,"2133424,09852515","4.35359875,-76.050653363"
81220,ARAUCA,CRAVO NORTE,CRAVO NORTE,"5568634,54438731","6.39654349,-70.073811966"
81300,ARAUCA,FORTUL,FORTUL,"2666141,78605141","6.750907234,-71.791242408"
81794,ARAUCA,TAME,TAME,"253055,790373122","6.390650479,-71.791786468"
85015,CASANARE,CHAMEZA,CHÁMEZA,"2604700,87620184","5.228453404,-72.864968036"
85136,CASANARE,LA SALINA,LA SALINA,"6325979,10193145","6.178282373,-72.346933772"
85139,CASANARE,MANÍ,MANÍ,"1400034,46326133","4.675769488,-72.212802727"
85225,CASANARE,NUNCHIA,NUNCHÍA,"5506574,24657066","5.529181235,-72.092519371"
85230,CASANARE,OROCUÉ,OROCUÉ,"8265243,68555081","4.915139133,-71.598739657"
85250,CASANARE,PAZ DE ARIPORO,PAZ DE ARIPORO,"3082178,91266106","5.779915281,-70.86947037"
85279,CASANARE,RECETOR,RECETOR,"9548818,49978689","5.263068507,-72.770818307"
85300,CASANARE,SABANALARGA,SABANALARGA,"3618579,46110864","4.81119011,-72.99580655"
85315,CASANARE,SACAMA,SÁCAMA,"4424570,15451705","6.049906435,-72.210761632"
85325,CASANARE,SAN LUIS DE PALENQUE,SAN LUIS DE PALENQUE,"2888736,3196359","5.274955665,-71.817492757"
85400,CASANARE,TAMARA,TÁMARA,"2427774,55438934","5.878927424,-72.200678221"
85410,CASANARE,TAURAMENA,TAURAMENA,"7146373,63113091","4.697463691,-72.629224357"
85440,CASANARE,VILLANUEVA,VILLANUEVA,"9735449,28041295","4.528307719,-72.82314281"
86219,PUTUMAYO,COLÓN,COLÓN,"7699036,72122904","1.204815876,-76.973768047"
86569,PUTUMAYO,PUERTO CAICEDO,PUERTO CAICEDO,"8224796,53768064","0.70416861,-76.498644148"
86749,PUTUMAYO,SIBUNDOY,SIBUNDOY,"6484447,31768842","1.228746922,-76.913075854"
86760,PUTUMAYO,SANTIAGO,SANTIAGO,"2999619,0470426","1.036021482,-76.977516835"
86865,PUTUMAYO,VALLE DEL GUAMUEZ,VALLE DEL GUAMUEZ,"979288,598663313","0.42012589,-76.770670262"
88001,"ARCHIPIÉLAGO DE SAN ANDRÉS, PROVIDENCIA Y SANTA CATALINA",SAN ANDRÉS,SAN ANDRÉS,"533137,039681814","12.543115116,-81.717623824"
91540,AMAZONAS,PUERTO NARIÑO,PUERTO NARIÑO,"9007296,65743774","-3.631323222,-70.471990393"
91001,AMAZONAS,LETICIA,LETICIA,"3151574,36034278","-3.530058784,-70.04513691"
91798,AMAZONAS,TARAPACÁ,TARAPACÁ,"3881280,7339041","-2.451794264,-70.006515353"
91263,AMAZONAS,EL ENCANTO,EL ENCANTO,"3121825,49732136","-1.997234795,-72.723615655"
91536,AMAZONAS,PUERTO ARICA,PUERTO ARICA,"1610268,0501062","-1.91085406,-71.148404895"
91530,AMAZONAS,PUERTO ALEGRÍA,PUERTO ALEGRÍA,"4985431,72149926","-0.952145073,-73.757227478"
91407,AMAZONAS,LA PEDRERA,LA PEDRERA,"6708459,62514056","-1.550256503,-69.946028145"
91405,AMAZONAS,LA CHORRERA,LA CHORRERA,"1408177,26674008","-1.509799605,-72.444429655"
91669,AMAZONAS,SANTANDER (Araracuara),PUERTO SANTANDER,"4318413,59877445","-1.101032624,-71.938933582"
97666,VAUPÉS,TARAIRA,TARAIRA,"1129321,39577802","-0.719822209,-69.907762015"
91460,AMAZONAS,MIRITÍ-PARANÁ (Campoamor),MIRITÍ - PARANÁ,"49412,9563670409","-0.687037553,-71.185504598"
91430,AMAZONAS,LA VICTORIA (Pacoa),LA VICTORIA,"7567509,59002454","-0.125016381,-71.104878047"
86757,PUTUMAYO,SAN MIGUEL (La Dorada),SAN MIGUEL,"7057168,51425196","0.272449048,-76.845104586"
86568,PUTUMAYO,PUERTO ASÍS,PUERTO ASÍS,"273720,805700562","0.433884539,-76.521582034"
86573,PUTUMAYO,PUERTO LEGUÍZAMO,PUERTO LEGUÍZAMO,"2657923,3984165","0.0594719700001,-75.064793271"
52560,NARIÑO,POTOSÍ,POTOSÍ,"5248391,3139202","0.785841088,-77.528704073"
97511,VAUPÉS,PACOA (Cor. Departamental),PACOA,"5164987,21226303","-0.00834363999996,-70.543306099"
52356,NARIÑO,IPIALES,IPIALES,"2724586,03369368","0.497708465,-77.240476252"
86320,PUTUMAYO,ORITO,ORITO,"9926329,22306036","0.673756323,-76.943139229"
52022,NARIÑO,ALDANA,ALDANA,"5457447,17784227","0.913431916,-77.695387307"
18785,CAQUETÁ,SOLITA,SOLITA,"1776908,81066884","0.943939454,-75.646685441"
52317,NARIÑO,GUACHUCAL,GUACHUCAL,"6979100,70300039","0.975037904,-77.737589414"
52506,NARIÑO,OSPINA,OSPINA,"7629015,80615665","1.029815854,-77.552349435"
86571,PUTUMAYO,PUERTO GUZMÁN,PUERTO GUZMÁN,"7335953,58115062","0.746432215,-75.880229785"
86885,PUTUMAYO,VILLAGARZÓN,VILLAGARZÓN,"6819345,65300357","0.911149515,-76.744954473"
97889,VAUPÉS,YAVARATÉ  (Cor. Departamental),YAVARATÉ,"5211306,60860419","0.833312241,-69.618677544"
18205,CAQUETÁ,CURILLO,CURILLO,"505430,65861957","1.115379292,-75.973284517"
18756,CAQUETÁ,SOLANO,SOLANO,"6271147,02298079","0.096131862,-72.320364019"
86755,PUTUMAYO,SAN FRANCISCO,SAN FRANCISCO,"3030217,77855764","1.136071096,-76.847266606"
52001,NARIÑO,PASTO,PASTO,"1306840,77672585","1.083605497,-77.206100743"
52683,NARIÑO,SANDONÁ,SANDONÁ,"4207098,57688006","1.288105409,-77.456700683"
52435,NARIÑO,MALLAMA (Piedrancha),MALLAMA,"7068391,45058127","1.155947016,-77.846646464"
52381,NARIÑO,LA FLORIDA,LA FLORIDA,"9154886,86170509","1.338034371,-77.422930412"
86001,PUTUMAYO,MOCOA,MOCOA,"2400450,38285811","1.26070915,-76.665843491"
52019,NARIÑO,ALBÁN (San José),ALBÁN,"2150692,58192964","1.469854084,-77.068809472"
52260,NARIÑO,EL TAMBO,EL TAMBO,"1756035,64079261","1.43026376,-77.383115973"
18150,CAQUETÁ,CARTAGENA DEL CHAIRÁ,CARTAGENA DEL CHAIRÁ,"9267167,00751638","0.647693081,-74.272354991"
52678,NARIÑO,SAMANIEGO,SAMANIEGO,"3746913,84715706","1.430555262,-77.691795591"
94885,GUAINÍA,LA GUADALUPE,LA GUADALUPE,"5899286,34566414","1.404540273,-67.001518001"
52693,NARIÑO,SAN PABLO,SAN PABLO,"3004,27429987593","1.681576627,-76.975279793"
97161,VAUPÉS,CARURÚ,CARURÚ,"5026023,45721335","1.052762314,-71.33093035"
97001,VAUPÉS,MITÚ,MITÚ,"7195451,08434386","1.06148231,-70.46688401"
52079,NARIÑO,BARBACOAS,BARBACOAS,"8836504,28936799","1.44563774,-78.156210724"
52540,NARIÑO,POLICARPA,POLICARPA,"5099868,99267027","1.735354202,-77.48134359"
95200,GUAVIARE,MIRAFLORES,MIRAFLORES,"4602391,67198866","1.363974932,-72.018109505"
52835,NARIÑO,TUMACO,SAN ANDRÉS DE TUMACO,"5539650,86250793","1.574550638,-78.615409629"
05615,ANTIOQUIA,RIONEGRO,RIONEGRO,"8103351,3312864","6.150785807,-75.410760524"
20443,CESAR,MANAURE BALCÓN DEL CESAR,MANAURE BALCÓN DEL CESAR,"9987343,96738251","10.38027852,-73.007062754"
94001,GUAINÍA,INÍRIDA,INÍRIDA,"7996883,75910488","3.516363079,-68.008347279"
27580,CHOCÓ,RIO IRÓ (Santa Rita),RÍO IRÓ,"8579408,91971027","5.190995015,-76.41996151"
95025,GUAVIARE,EL RETORNO,EL RETORNO,"9035091,55192034","2.143447362,-72.243648687"
94887,GUAINÍA,PANÁ-PANÁ (Campo Alegre),PANA PANA,"5911859,11021225","1.981055294,-69.114400356"
94883,GUAINÍA,SAN FELIPE,SAN FELIPE,"3517973,68320506","2.312179782,-67.520605688"
27413,CHOCÓ,LLORÓ,LLORÓ,"1858312,64261547","5.585101179,-76.385444488"
97777,VAUPÉS,PAPUNAUA(Cor. Departamental),PAPUNAHUA,"9665617,77613924","1.569312273,-70.911663147"
54344,NORTE DE SANTANDER,HACARÍ,HACARÍ,"946065,879124538","8.361831987,-73.078263298"
54720,NORTE DE SANTANDER,SARDINATA,SARDINATA,"4301579,98340952","8.215080767,-72.795809609"
66075,RISARALDA,BALBOA,BALBOA,"5729365,02351706","4.918349676,-75.942753858"
85001,CASANARE,YOPAL,YOPAL,"259334,443166884","5.242744761,-72.25802857"
85430,CASANARE,TRINIDAD,TRINIDAD,"6832828,66347093","5.354527091,-71.254795186"
15001,BOYACÁ,TUNJA,TUNJA,"6926798,22030622","5.518472615,-73.378018556"
52427,NARIÑO,MAGÜÍ (Payán),MAGÜÍ,"653896,783854873","1.906858429,-78.044736438"
52405,NARIÑO,LEIVA,LEIVA,"4285655,80430945","1.900862361,-77.31220073"
95015,GUAVIARE,CALAMAR,CALAMAR,"394466,699178393","1.613634284,-73.0342639"
52621,NARIÑO,ROBERTO PAYÁN (San José),ROBERTO PAYÁN,"6418855,43683464","1.897581156,-78.3811163"
52520,NARIÑO,FRANCISCO PIZARRO (Salahonda),FRANCISCO PIZARRO,"4452964,27813413","2.088531925,-78.591930987"
50350,META,LA MACARENA,LA MACARENA,"2768793,30140066","2.161863917,-74.094880756"
52473,NARIÑO,MOSQUERA,MOSQUERA,"94707,4174142804","2.442493698,-78.438827004"
52490,NARIÑO,OLAYA HERRERA (Bocas de Satinga),OLAYA HERRERA,"3229195,63365899","2.287856547,-78.31219024"
52696,NARIÑO,SANTA BÁRBARA (Iscuandé),SANTA BÁRBARA,"8607484,88704079","2.494420411,-77.982564611"
52390,NARIÑO,LA TOLA,LA TOLA,"3525593,33116355","2.56027333,-78.235066941"
41349,HUILA,HOBO,HOBO,"9249016,95385716","2.541654161,-75.447810831"
52250,NARIÑO,EL CHARCO,EL CHARCO,"8143925,55234949","2.216382295,-77.995332339"
19318,CAUCA,GUAPI,GUAPI,"3642818,3902986","2.41326696,-77.690475305"
94888,GUAINÍA,MORICHAL (Morichal Nuevo),MORICHAL,"446756,113427852","2.421444806,-69.84001585"
95001,GUAVIARE,SAN JOSÉ DEL GUAVIARE,SAN JOSÉ DEL GUAVIARE,"4849680,98170777","2.484286091,-71.919169926"
19809,CAUCA,TIMBIQUÍ,TIMBIQUÍ,"495683,879873454","2.699475127,-77.491315765"
18753,CAQUETÁ,SAN VICENTE DEL CAGUÁN,SAN VICENTE DEL CAGUÁN,"8135448,27133802","1.308465061,-74.197469706"
50450,META,PUERTO CONCORDIA,PUERTO CONCORDIA,"5681851,13497649","2.752260112,-72.721094102"
50590,META,PUERTO RICO,PUERTO RICO,"5005204,17877816","2.758083657,-73.137801709"
94884,GUAINÍA,PUERTO COLOMBIA,PUERTO COLOMBIA,"3540323,02688076","2.582829542,-68.257990327"
50711,META,VISTAHERMOSA,VISTAHERMOSA,"1943881,14749206","2.811616698,-73.666522336"
19418,CAUCA,LÓPEZ,LÓPEZ DE MICAY,"9356117,21758535","2.95819877,-77.242121575"
50325,META,MAPIRIPÁN,MAPIRIPÁN,"8589307,06454729","3.117523361,-71.938056916"
50577,META,PUERTO LLERAS,PUERTO LLERAS,"8408619,38371307","3.193092925,-73.236714364"
94343,GUAINÍA,BARRANCO MINA,BARRANCOMINAS,"1892821,88079589","3.140558454,-69.697134231"
94886,GUAINÍA,CACAHUAL,CACAHUAL,"7277118,75536949","3.38616245,-67.585079984"
76233,VALLE DEL CAUCA,DAGUA,DAGUA,"7852998,42092492","3.649822218,-76.720393465"
76109,VALLE DEL CAUCA,BUENAVENTURA,BUENAVENTURA,"4654559,44528639","3.493340766,-77.118728315"
50001,META,VILLAVICENCIO,VILLAVICENCIO,"7329149,60269195","4.09166877,-73.492915945"
27250,CHOCÓ,EL LITORAL DEL SAN JUÁN (Docordó),EL LITORAL DEL SAN JUAN,"6981902,77419378","4.272940191,-76.987858279"
73001,TOLIMA,IBAGUÉ,IBAGUÉ,"8473906,87893436","4.451921427,-75.252590995"
27745,CHOCÓ,SIPÍ,SIPÍ,"1095573,49806243","4.594415157,-76.541944593"
11001,"BOGOTÁ, D.C.","BOGOTÁ, D.C.","BOGOTÁ, D.C.","3720159,85266412","4.316107698,-74.181072702"
47001,MAGDALENA,SANTA MARTA,SANTA MARTA,"6430382,81109944","11.121894357,-73.885278551"
44001,LA GUAJIRA,RIOHACHA,RIOHACHA,"1800251,90947068","11.242972141,-72.958763152"
44847,LA GUAJIRA,URIBIA,URIBIA,"5376419,09028253","11.999719855,-71.748826616"
88564,"ARCHIPIÉLAGO DE SAN ANDRÉS, PROVIDENCIA Y SANTA CATALINA",PROVIDENCIA (Santa Isabel),PROVIDENCIA,"4779001,99307238","13.3511096,-81.373885489"
85162,CASANARE,MONTERREY,MONTERREY,"7668253,8695568","4.841308642,-72.847343398"
50568,META,PUERTO GAITÁN,PUERTO GAITÁN,"892551,158955601","4.005034467,-71.631574285"
20045,CESAR,BECERRILL,BECERRIL,"4487245,2138596","9.727732939,-73.252505222"
27361,CHOCÓ,ISTMINA,ISTMINA,"7479185,21081907","4.586818665,-77.000907374"
70001,SUCRE,SINCELEJO,SINCELEJO,"9862817,87687943","9.316673928,-75.431749665"
05001,ANTIOQUIA,MEDELLÍN,MEDELLÍN,"5374345,66602898","6.257590259,-75.611031065"
05240,ANTIOQUIA,EBÉJICO,EBÉJICO,"1327692,62862462","6.326444922,-75.783311748"
05212,ANTIOQUIA,COPACABANA,COPACABANA,"9759486,96077243","6.351882893,-75.50075633"
05088,ANTIOQUIA,BELLO,BELLO,"2257680,39204484","6.358841086,-75.589735878"
05308,ANTIOQUIA,GIRARDOTA,GIRARDOTA,"73946,8698357182","6.379745895,-75.447957442"
27073,CHOCÓ,BAGADÓ,BAGADÓ,"4332720,51112939","5.503119772,-76.197969065"
27600,CHOCÓ,RIO QUITO (Paimadó),RÍO QUITO,"7722545,58883615","5.567533337,-76.811570844"
27050,CHOCÓ,ATRATO (Yuto),ATRATO,"7797355,90761533","5.525825084,-76.650643569"
20400,CESAR,LA JAGUA DE IBIRICO,LA JAGUA DE IBIRICO,"8972396,01126155","9.52099808,-73.322493379"
85263,CASANARE,PORE,PORE,"8162167,49080504","5.663194953,-71.925808058"
05631,ANTIOQUIA,SABANETA,SABANETA,"7694874,50877789","6.138305183,-75.608805993"
05380,ANTIOQUIA,LA ESTRELLA,LA ESTRELLA,"2440397,06791471","6.137595883,-75.648954991"
05266,ANTIOQUIA,ENVIGADO,ENVIGADO,"9068540,8655763","6.154394922,-75.546867788"
05360,ANTIOQUIA,ITAGÜÍ,ITAGÜÍ,"3504895,78305271","6.179279438,-75.614203699"
27425,CHOCÓ,MEDIO ATRATO (Beté),MEDIO ATRATO,"8642988,11658985","6.033880098,-76.673469703"
99524,VICHADA,LA PRIMAVERA,LA PRIMAVERA,"3509742,78511594","5.517593607,-69.620440535"
05364,ANTIOQUIA,JARDÍN,JARDÍN,"8430332,76993353","5.574444339,-75.818425748"
27491,CHOCÓ,NÓVITA,NÓVITA,"3159684,49721314","4.853386627,-76.618236685"
27450,CHOCÓ,MEDIO SAN JUAN (Andagoya),MEDIO SAN JUAN,"2129782,29145919","4.621182739,-76.808618427"
27660,CHOCÓ,SAN JOSÉ DEL PALMAR,SAN JOSÉ DEL PALMAR,"2821555,91299047","4.958741345,-76.280023606"
27205,CHOCÓ,CONDOTO,CONDOTO,"8922150,67576916","5.070586101,-76.50701751"
85010,CASANARE,AGUAZUL,AGUAZUL,"9728872,07342392","5.126121886,-72.548210167"
54874,NORTE DE SANTANDER,VILLA DEL ROSARIO,VILLA DEL ROSARIO,"247265,896457561","7.718635863,-72.483611758"
27430,CHOCÓ,MEDIO BAUDÓ(Boca de Pepé),MEDIO BAUDÓ,"6788899,9873186","5.110392243,-76.995930752"
27810,CHOCÓ,UNIÓN PANAMERICANA ( Animas),UNIÓN PANAMERICANA,"6881162,80189857","5.281599258,-76.619627455"
27787,CHOCÓ,TADÓ,TADÓ,"7497075,08932854","5.26610158,-76.331095472"
27160,CHOCÓ,CÉRTEGUI,CÉRTEGUI,"6776191,02557278","5.389828229,-76.522642368"
27135,CHOCÓ,EL CANTÓN DEL SAN PABLO (Managrú),EL CANTÓN DEL SAN PABLO,"6214186,41335101","5.359661967,-76.772556244"
99773,VICHADA,CUMARIBO,CUMARIBO,"4361438,60089044","4.262454746,-69.521404835"
17614,CALDAS,RIOSUCIO,RIOSUCIO,"7366137,18690232","5.442275418,-75.75220499"
27077,CHOCÓ,BAJO BAUDÓ (Pizarro),BAJO BAUDÓ,"3200088,23443315","4.492865435,-77.082713524"
66456,RISARALDA,MISTRATÓ,MISTRATÓ,"3064395,85726827","5.414078141,-75.961353866"
27495,CHOCÓ,NUQUÍ,NUQUÍ,"9472729,69252832","5.591359844,-77.330574386"
27245,CHOCÓ,EL CARMEN,EL CARMEN DE ATRATO,"9078790,87956197","5.810938364,-76.191894424"
27025,CHOCÓ,ALTO BAUDÓ (Pie de Pato),ALTO BAUDÓ,"9140657,48036798","5.636740989,-77.084215399"
05376,ANTIOQUIA,LA CEJA,LA CEJA,"165656,573562756","5.992524843,-75.430869347"
05129,ANTIOQUIA,CALDAS,CALDAS,"6811535,94490324","6.054446841,-75.626426743"
99001,VICHADA,PUERTO CARREÑO,PUERTO CARREÑO,"9387345,6161593","5.836529669,-68.141222336"
27001,CHOCÓ,QUIBDÓ,QUIBDÓ,"6283427,12673247","5.7543229,-76.65015147"
05656,ANTIOQUIA,SAN JERÓNIMO,SAN JERÓNIMO,"2458848,27168824","6.438300409,-75.703107272"
05079,ANTIOQUIA,BARBOSA,BARBOSA,"8015283,30457461","6.443417935,-75.329240854"
05690,ANTIOQUIA,SANTO DOMINGO,SANTO DOMINGO,"8310037,27061126","6.481044132,-75.142600968"
05847,ANTIOQUIA,URRAO,URRAO,"5927041,88734466","6.33534134,-76.259064819"
81591,ARAUCA,PUERTO RONDÓN,PUERTO RONDÓN,"5225465,32603911","6.411761829,-70.966789642"
05042,ANTIOQUIA,SANTA FE DE ANTIOQUIA,SANTA FÉ DE ANTIOQUIA,"8066135,57613157","6.535711576,-75.904266579"
05086,ANTIOQUIA,BELMIRA,BELMIRA,"8166510,43960088","6.665853953,-75.68621659"
05411,ANTIOQUIA,LIBORINA,LIBORINA,"2916493,13577208","6.723990935,-75.783000458"
27075,CHOCÓ,BAHÍA SOLANO (Mutis),BAHÍA SOLANO,"5523063,40989772","6.162762775,-77.416535344"
05873,ANTIOQUIA,VIGIA DEL FUERTE,VIGÍA DEL FUERTE,"5129172,03663574","6.453351334,-76.695048017"
05310,ANTIOQUIA,GÓMEZ PLATA,GÓMEZ PLATA,"1695225,61466162","6.709562839,-75.192702912"
27099,CHOCÓ,BOJAYÁ (Bellavista),BOJAYÁ,"2910061,58106503","6.474666885,-77.09933025"
05686,ANTIOQUIA,SANTA ROSA DE OSOS,SANTA ROSA DE OSOS,"7962183,23986095","6.675827825,-75.438143332"
05315,ANTIOQUIA,GUADALUPE,GUADALUPE,"430361,507878573","6.861576325,-75.225913027"
05138,ANTIOQUIA,CAÑASGORDAS,CAÑASGORDAS,"6229417,65530784","6.814950023,-76.02689632"
05475,ANTIOQUIA,MURINDÓ,MURINDÓ,"5681692,78357439","6.828773855,-76.708613491"
81065,ARAUCA,ARAUQUITA,ARAUQUITA,"4911728,02707201","6.799338394,-71.298274293"
81736,ARAUCA,SARAVENA,SARAVENA,"9962968,58448855","6.906941714,-71.850707567"
05819,ANTIOQUIA,TOLEDO,TOLEDO,"644554,545710688","7.016397069,-75.71363382"
81001,ARAUCA,ARAUCA,ARAUCA,"4474979,29240885","6.796280825,-70.509211529"
05234,ANTIOQUIA,DABEIBA,DABEIBA,"4237348,37185561","6.992243782,-76.314263284"
68307,SANTANDER,GIRÓN,GIRÓN,"1656729,88995569","6.976734127,-73.205267004"
68001,SANTANDER,BUCARAMANGA,BUCARAMANGA,"589077,924436942","7.155833544,-73.111569971"
05031,ANTIOQUIA,AMALFI,AMALFI,"301878,733835313","6.977788843,-74.981239298"
05893,ANTIOQUIA,YONDÓ (Casabe),YONDÓ,"4757464,32844312","6.925159318,-74.158240414"
27150,CHOCÓ,CARMEN DEL DARIÉN  (Curbaradó),CARMEN DEL DARIÉN,"52343,4660681643","7.033646541,-76.974230164"
54377,NORTE DE SANTANDER,LABATECA,LABATECA,"5371533,53973721","7.218372474,-72.482815141"
54518,NORTE DE SANTANDER,PAMPLONA,PAMPLONA,"518744,536692067","7.379057623,-72.675903475"
54820,NORTE DE SANTANDER,TOLEDO,TOLEDO,"744134,868820617","7.225864961,-72.305934177"
27372,CHOCÓ,JURADÓ,JURADÓ,"5494513,15733384","7.103338868,-77.679736621"
05480,ANTIOQUIA,MUTATÁ,MUTATÁ,"6801025,96620819","7.329557848,-76.463065695"
54099,NORTE DE SANTANDER,BOCHALEMA,BOCHALEMA,"3014208,09445733","7.608509339,-72.659519092"
54239,NORTE DE SANTANDER,DURANIA,DURANIA,"2001063,43282612","7.746993206,-72.672080719"
54128,NORTE DE SANTANDER,CÁCHIRA,CÁCHIRA,"6389998,37295578","7.684188896,-73.129394812"
54405,NORTE DE SANTANDER,LOS PATIOS,LOS PATIOS,"6264262,53974343","7.742291094,-72.526807835"
05147,ANTIOQUIA,CAREPA,CAREPA,"907895,549462634","7.757967437,-76.643746573"
27615,CHOCÓ,RIOSUCIO,RIOSUCIO,"5318603,17534659","7.389887937,-77.240674833"
54313,NORTE DE SANTANDER,GRAMALOTE,GRAMALOTE,"1172819,26839165","7.906522991,-72.807055815"
23580,CÓRDOBA,PUERTO LIBERTADOR,PUERTO LIBERTADOR,"1371281,16211114","7.711515736,-75.771232238"
05045,ANTIOQUIA,APARTADÓ,APARTADÓ,"7785919,14320859","7.86047815,-76.582362643"
05154,ANTIOQUIA,CAUCASIA,CAUCASIA,"6435707,49064456","7.867941792,-75.035018239"
54109,NORTE DE SANTANDER,BUCARASICA,BUCARASICA,"1276970,10738334","8.079802239,-72.929199255"
54261,NORTE DE SANTANDER,EL ZULIA,EL ZULIA,"7613277,04960564","8.081200092,-72.631521176"
23807,CÓRDOBA,TIERRALTA,TIERRALTA,"188538,647771724","7.813896829,-76.16846678"
27800,CHOCÓ,UNGUÍA,UNGUÍA,"9031346,55039906","8.117281079,-77.10372723"
54498,NORTE DE SANTANDER,OCAÑA,OCAÑA,"7637700,68469817","8.206637527,-73.337650332"
05837,ANTIOQUIA,TURBO,TURBO,"3649783,11322812","8.173851745,-76.574037701"
27006,CHOCÓ,ACANDÍ,ACANDÍ,"2317337,56147998","8.383938499,-77.265602561"
05490,ANTIOQUIA,NECOCLÍ,NECOCLÍ,"8722991,89998616","8.493728551,-76.676995884"
05051,ANTIOQUIA,ARBOLETES,ARBOLETES,"1025621,71246981","8.611395262,-76.414783173"
13001,BOLÍVAR,CARTAGENA DE INDIAS,CARTAGENA DE INDIAS,"1078774,84344291","10.463433617,-75.45889915"
20570,CESAR,PUEBLO BELLO,PUEBLO BELLO,"7743712,54423981","10.417368738,-73.614506323"
20001,CESAR,VALLEDUPAR,VALLEDUPAR,"5567344,60975865","10.218902768,-73.457847638"
47053,MAGDALENA,ARACATACA,ARACATACA,"863603,162160057","10.644908765,-73.879722568"
99624,VICHADA,SANTA ROSALÍA,SANTA ROSALÍA,"842110,865430132","4.968581012,-70.659970968"
54001,NORTE DE SANTANDER,CÚCUTA,SAN JOSÉ DE CÚCUTA,"4277430,45092202","8.112041811,-72.488626408"
66170,RISARALDA,DOSQUEBRADAS,DOSQUEBRADAS,"8138565,06193689","4.842021144,-75.669936549"
15491,BOYACÁ,NOBSA,NOBSA,"8084627,30786689","5.778759851,-72.932683237"
15806,BOYACÁ,TIBASOSA,TIBASOSA,"8780034,21597906","5.747329389,-73.011147244"
76130,VALLE DEL CAUCA,CANDELARIA,CANDELARIA,"1093456,05633773","3.382091564,-76.383176631"
76147,VALLE DEL CAUCA,CARTAGO,CARTAGO,"5901839,11902027","4.70684716,-75.917908459"
85125,CASANARE,HATO COROZAL,HATO COROZAL,"5059468,18590676","6.03948032,-71.524457518"
13650,BOLÍVAR,SAN FERNANDO,SAN FERNANDO,"2272303,49515083","9.081483143,-74.371866466"
,,,,"1717212,88493999",
